story,url,read
æ©Ÿå¸«åŸ¹è¨“æ©Ÿæ§‹æˆç«‹å®—æ—¨//FTTW,https://flyfttw.com/%e6%a9%9f%e5%b8%ab%e5%9f%b9%e8%a8%93%e6%a9%9f%e6%a7%8b%e6%88%90%e7%ab%8b%e5%ae%97%e6%97%a8-fttw/,False
å¦‚ä½•å¹«åŠ©ä½ è€ƒä¸Šæ©Ÿå¸«//FTTW,https://flyfttw.com/%e5%a6%82%e4%bd%95%e5%b9%ab%e5%8a%a9%e4%bd%a0%e8%80%83%e4%b8%8a%e6%a9%9f%e5%b8%ab-fttw/,False
æ©Ÿå¸«è€ƒè©¦å¿ƒå¾—â€” ç ´é‡œæ²‰èˆŸæ•¸å­¸ç³»ç”Ÿåœ“æ©Ÿå¸«å¤¢,https://flyfttw.com/%e6%a9%9f%e5%b8%ab%e8%80%83%e8%a9%a6%e5%bf%83%e5%be%97-%e7%a0%b4%e9%87%9c%e6%b2%89%e8%88%9f%e6%95%b8%e5%ad%b8%e7%b3%bb%e7%94%9f%e5%9c%93%e6%a9%9f%e5%b8%ab%e5%a4%a2/,False
"æ©Ÿå¸«è€ƒè©¦å¥½æ›¸åˆ†äº«â€”ã€ŒSay Again, Please!ã€",https://flyfttw.com/%e6%a9%9f%e5%b8%ab%e8%80%83%e8%a9%a6%e5%a5%bd%e6%9b%b8%e5%88%86%e4%ba%ab%ef%bc%9a%e3%80%8csay-again-please%e3%80%8d/,False
æ©Ÿå¸«æ¨è–¦å½±ç‰‡åˆ†äº«â€” ä½ æ„æƒ³ä¸åˆ°çš„é£›è¡ŒæŒ‘æˆ°ï¼,https://flyfttw.com/%e6%a9%9f%e5%b8%ab%e6%8e%a8%e8%96%a6%e5%bd%b1%e7%89%87%e5%88%86%e4%ba%ab%ef%bc%9a%e4%bd%a0%e6%84%8f%e6%83%b3%e4%b8%8d%e5%88%b0%e7%9a%84%e9%a3%9b%e8%a1%8c%e6%8c%91%e6%88%b0%ef%bc%81/,False
æ©Ÿå¸«è€ƒè©¦å°çŸ¥è­˜â€” è‡ªæˆ‘ç²¾é€²æ›¸å–®æ¨è–¦ï¼,https://flyfttw.com/%e6%a9%9f%e5%b8%ab%e8%80%83%e8%a9%a6%e5%b0%8f%e7%9f%a5%e8%ad%98%ef%bc%9a%e8%87%aa%e6%88%91%e7%b2%be%e9%80%b2%e6%9b%b8%e5%96%ae%e6%8e%a8%e8%96%a6%ef%bc%81/,False
æ©Ÿå¸«è€ƒè©¦å°çŸ¥è­˜â€” ATCå¦‚ä½•å±æ©Ÿè™•ç†ï¼Ÿ,https://flyfttw.com/%e6%a9%9f%e5%b8%ab%e8%80%83%e8%a9%a6%e5%b0%8f%e7%9f%a5%e8%ad%98-atc%e5%a6%82%e4%bd%95%e5%8d%b1%e6%a9%9f%e8%99%95%e7%90%86%ef%bc%9f/,False
æ©Ÿå¸«è€ƒè©¦è¶£èâ€” å°ˆæ¥­åŠƒä½æŠ€å·§ä¸è—ç§,https://flyfttw.com/%e6%a9%9f%e5%b8%ab%e8%80%83%e8%a9%a6%e8%b6%a3%e8%81%9e-%e5%b0%88%e6%a5%ad%e5%8a%83%e4%bd%8d%e6%8a%80%e5%b7%a7%e4%b8%8d%e8%97%8f%e7%a7%81/,False
æ©Ÿå¸«è€ƒè©¦å°çŸ¥è­˜â€” å¦‚ä½•ç·´ç¿’ATCï¼Ÿ,https://flyfttw.com/%e6%a9%9f%e5%b8%ab%e8%80%83%e8%a9%a6%e5%b0%8f%e7%9f%a5%e8%ad%98-%e5%a6%82%e4%bd%95%e7%b7%b4%e7%bf%92atc%ef%bc%9f/,False
æ©Ÿå¸«è€ƒè©¦å°çŸ¥è­˜â€” é£›è¡Œå“¡å¿…çŸ¥ä¹å€‹é£›è¡Œç¶“é©—,https://flyfttw.com/%e6%a9%9f%e5%b8%ab%e8%80%83%e8%a9%a6%e5%b0%8f%e7%9f%a5%e8%ad%98-%e9%a3%9b%e8%a1%8c%e5%93%a1%e5%bf%85%e7%9f%a5%e4%b9%9d%e5%80%8b%e9%a3%9b%e8%a1%8c%e7%b6%93%e9%a9%97/,False
æ©Ÿå¸«è€ƒè©¦å°çŸ¥è­˜â€” äº”å€‹å¼•æ“ä¸æ˜æ•…éšœçš„äº‹æ•…,https://flyfttw.com/%e6%a9%9f%e5%b8%ab%e8%80%83%e8%a9%a6%e5%b0%8f%e7%9f%a5%e8%ad%98-%e4%ba%94%e5%80%8b%e5%bc%95%e6%93%8e%e4%b8%8d%e6%98%8e%e6%95%85%e9%9a%9c%e7%9a%84%e4%ba%8b%e6%95%85/,False
æ©Ÿå¸«è€ƒè©¦å¿…çŸ¥â€”ä»€éº¼æ˜¯å„€å™¨æª¢å®šï¼ˆInstrument Ratingï¼‰?,https://flyfttw.com/%e6%a9%9f%e5%b8%ab%e8%80%83%e8%a9%a6%e5%bf%85%e7%9f%a5-%e4%bb%80%e9%ba%bc%e6%98%af%e5%84%80%e5%99%a8%e6%aa%a2%e5%ae%9a%ef%bc%88instrument-rating%ef%bc%89/,False
æ©Ÿå¸«è€ƒè©¦å°çŸ¥è­˜â€” ç‚ºä»€éº¼é‚Šè½‰å½ç¸½è¦é‚Šå¸¶æ¡¿ï¼Ÿ,https://flyfttw.com/%e6%a9%9f%e5%b8%ab%e8%80%83%e8%a9%a6%e5%b0%8f%e7%9f%a5%e8%ad%98-%e7%82%ba%e4%bb%80%e9%ba%bc%e9%82%8a%e8%bd%89%e5%bd%8e%e7%b8%bd%e8%a6%81%e9%82%8a%e5%b8%b6%e6%a1%bf%ef%bc%9f/,False
æ©Ÿå¸«è€ƒè©¦å¿…çŸ¥â€” é£›è¡Œå‰æº–å‚™çš„é‡è¦æ€§ï¼,https://flyfttw.com/%e6%a9%9f%e5%b8%ab%e8%80%83%e8%a9%a6%e5%bf%85%e7%9f%a5-%e9%a3%9b%e8%a1%8c%e5%89%8d%e6%ba%96%e5%82%99%e7%9a%84%e9%87%8d%e8%a6%81%e6%80%a7%ef%bc%81/,False
æ©Ÿå¸«è€ƒè©¦å°çŸ¥è­˜â€” å¸¸ç”¨èˆªç©ºå–®ä½æ›ç®—,https://flyfttw.com/%e6%a9%9f%e5%b8%ab%e8%80%83%e8%a9%a6%e5%b0%8f%e7%9f%a5%e8%ad%98-%e5%b8%b8%e7%94%a8%e8%88%aa%e7%a9%ba%e5%96%ae%e4%bd%8d%e6%8f%9b%e7%ae%97/,False
æ©Ÿå¸«è€ƒè©¦å¿…çŸ¥â€” æ©Ÿå¸«å¤±èƒ½æ€éº¼è¾¦ï¼Ÿ,https://flyfttw.com/%e6%a9%9f%e5%b8%ab%e8%80%83%e8%a9%a6%e5%bf%85%e7%9f%a5-%e6%a9%9f%e5%b8%ab%e5%a4%b1%e8%83%bd%e6%80%8e%e9%ba%bc%e8%be%a6%ef%bc%9f/,False
æ©Ÿå¸«è€ƒè©¦å¿ƒå¾—â€” ç‚ºä»€éº¼è¦ç•¶æ°‘èˆªæ©Ÿå¸«ï¼Ÿ,https://flyfttw.com/%e6%a9%9f%e5%b8%ab%e8%80%83%e8%a9%a6%e5%bf%83%e5%be%97-%e7%82%ba%e4%bb%80%e9%ba%bc%e8%a6%81%e7%95%b6%e6%b0%91%e8%88%aa%e6%a9%9f%e5%b8%ab%ef%bc%9f/,False
æ©Ÿå¸«è€ƒè©¦å¿ƒå¾—â€” å¦‚ä½•æŠ•è³‡åŠå¹´çˆ­å–å¹´è–ª300è¬çš„å·¥ä½œï¼Ÿ,https://flyfttw.com/%e6%a9%9f%e5%b8%ab%e8%80%83%e8%a9%a6%e5%bf%83%e5%be%97-%e5%a6%82%e4%bd%95%e6%8a%95%e8%b3%87%e5%8d%8a%e5%b9%b4%e7%88%ad%e5%8f%96%e5%b9%b4%e8%96%aa300%e8%90%ac%e7%9a%84%e5%b7%a5%e4%bd%9c/,False
æ©Ÿå¸«è€ƒè©¦å°çŸ¥è­˜â€” ä½ çŸ¥é“ç©ºå·´è½åœ°å¾Œæœƒè‡ªå‹•æ´©å£“å—ï¼Ÿ,https://flyfttw.com/%e6%a9%9f%e5%b8%ab%e8%80%83%e8%a9%a6%e5%b0%8f%e7%9f%a5%e8%ad%98-%e4%bd%a0%e7%9f%a5%e9%81%93%e7%a9%ba%e5%b7%b4%e8%90%bd%e5%9c%b0%e5%be%8c%e6%9c%83%e8%87%aa%e5%8b%95%e6%b4%a9%e5%a3%93%e5%97%8e/,False
æ©Ÿå¸«è€ƒè©¦å¿…çŸ¥â€” é£›æ¨¡æ“¬æ©Ÿæ™‚è¦çœ‹è£¡é¢é‚„æ˜¯å¤–é¢ï¼Ÿ,https://flyfttw.com/%e6%a9%9f%e5%b8%ab%e8%80%83%e8%a9%a6%e5%bf%85%e7%9f%a5-%e9%a3%9b%e6%a8%a1%e6%93%ac%e6%a9%9f%e6%99%82%e8%a6%81%e7%9c%8b%e8%a3%a1%e9%9d%a2%e9%82%84%e6%98%af%e5%a4%96%e9%9d%a2%ef%bc%9f/,False
æ©Ÿå¸«è€ƒè©¦è¶£èâ€” æ¡ƒæ©Ÿå–®è·‘é“èµ·é™ç¸®æ™‚ç•™å½±,https://flyfttw.com/%e6%a9%9f%e5%b8%ab%e8%80%83%e8%a9%a6%e8%b6%a3%e8%81%9e-%e6%a1%83%e6%a9%9f%e5%96%ae%e8%b7%91%e9%81%93%e8%b5%b7%e9%99%8d%e7%b8%ae%e6%99%82%e7%95%99%e5%bd%b1/,False
æ©Ÿå¸«è€ƒè©¦å°çŸ¥è­˜â€” Diamond 40,https://flyfttw.com/%e6%a9%9f%e5%b8%ab%e8%80%83%e8%a9%a6%e5%b0%8f%e7%9f%a5%e8%ad%98-diamond-40/,False
æ©Ÿå¸«è€ƒè©¦å°çŸ¥è­˜â€” çœ‹éæ³¢éŸ³747æ›è¼‰äº”é¡†å¼•æ“å—?,https://flyfttw.com/%e6%a9%9f%e5%b8%ab%e8%80%83%e8%a9%a6%e5%b0%8f%e7%9f%a5%e8%ad%98-%e7%9c%8b%e9%81%8e%e6%b3%a2%e9%9f%b3747%e6%8e%9b%e8%bc%89%e4%ba%94%e9%a1%86%e5%bc%95%e6%93%8e%e5%97%8e/,False
æ©Ÿå¸«è€ƒè©¦å°çŸ¥è­˜â€” æ·ºè«‡å·¦åè¶¨å‘åœ¨èºæ—‹æ§³æ•™ç·´æ©Ÿçš„æ•ˆæ‡‰,https://flyfttw.com/%e6%a9%9f%e5%b8%ab%e8%80%83%e8%a9%a6%e5%b0%8f%e7%9f%a5%e8%ad%98-%e6%b7%ba%e8%ab%87%e5%b7%a6%e5%81%8f%e8%b6%a8%e5%90%91%e5%9c%a8%e8%9e%ba%e6%97%8b%e6%a7%b3%e6%95%99%e7%b7%b4%e6%a9%9f%e7%9a%84/,False
èˆªç©ºæ–°èâ€” å¾©èˆˆèˆªç©ºæ¾æ¹–ç©ºé›£äº‹æ•…èª¿æŸ¥å ±å‘Š,https://flyfttw.com/%e8%88%aa%e7%a9%ba%e6%96%b0%e8%81%9e-%e5%be%a9%e8%88%88%e8%88%aa%e7%a9%ba%e6%be%8e%e6%b9%96%e7%a9%ba%e9%9b%a3%e4%ba%8b%e6%95%85%e8%aa%bf%e6%9f%a5%e5%a0%b1%e5%91%8a/,False
æ©Ÿå¸«è€ƒè©¦å°çŸ¥è­˜â€” ä½ è½éä¸­æ–‡ç‰ˆçš„Live ATCå—ï¼Ÿ,https://flyfttw.com/%e6%a9%9f%e5%b8%ab%e8%80%83%e8%a9%a6%e5%b0%8f%e7%9f%a5%e8%ad%98-%e4%bd%a0%e8%81%bd%e9%81%8e%e4%b8%ad%e6%96%87%e7%89%88%e7%9a%84live-atc%e5%97%8e%ef%bc%9f/,False
æ©Ÿå¸«è€ƒè©¦å°çŸ¥è­˜â€” é£›æ©Ÿå¦‚ä½•ä¿è­·è‡ªå·±è¢«é›·æ“Šï¼Ÿ,https://flyfttw.com/%e6%a9%9f%e5%b8%ab%e8%80%83%e8%a9%a6%e5%b0%8f%e7%9f%a5%e8%ad%98-%e9%a3%9b%e6%a9%9f%e5%a6%82%e4%bd%95%e4%bf%9d%e8%ad%b7%e8%87%aa%e5%b7%b1%e8%a2%ab%e9%9b%b7%e6%93%8a%ef%bc%9f/,False
æ©Ÿå¸«è€ƒè©¦å°çŸ¥è­˜â€” é£›æ©Ÿå¾€æ±é£›æ¯”å¾€è¥¿å¿«ï¼Ÿï¼Ÿ,https://flyfttw.com/%e6%a9%9f%e5%b8%ab%e8%80%83%e8%a9%a6%e5%b0%8f%e7%9f%a5%e8%ad%98-%e9%a3%9b%e6%a9%9f%e5%be%80%e6%9d%b1%e9%a3%9b%e6%af%94%e5%be%80%e8%a5%bf%e5%bf%ab%ef%bc%9f%ef%bc%9f/,False
æ©Ÿå¸«è€ƒè©¦å°çŸ¥è­˜â€” ATCåˆ†äº«ï¼,https://flyfttw.com/%e6%a9%9f%e5%b8%ab%e8%80%83%e8%a9%a6%e5%b0%8f%e7%9f%a5%e8%ad%98-atc%e5%88%86%e4%ba%ab%ef%bc%81/,False
æ©Ÿå¸«è€ƒè©¦å°çŸ¥è­˜â€” ATCåˆ†äº« 2ï¼,https://flyfttw.com/%e6%a9%9f%e5%b8%ab%e8%80%83%e8%a9%a6%e5%b0%8f%e7%9f%a5%e8%ad%98-atc%e5%88%86%e4%ba%ab-2%ef%bc%81/,False
æ©Ÿå¸«è€ƒè©¦å°çŸ¥è­˜â€” ATCåˆ†äº«3ï¼,https://flyfttw.com/%e6%a9%9f%e5%b8%ab%e8%80%83%e8%a9%a6%e5%b0%8f%e7%9f%a5%e8%ad%98-atc%e5%88%86%e4%ba%ab3%ef%bc%81/,False
èˆªç©ºæ–°èâ€” å…¨åœ‹å”¯ä¸€æ‡¸åŠé£›æ©Ÿåšç‰©é¤¨,https://flyfttw.com/%e8%88%aa%e7%a9%ba%e6%96%b0%e8%81%9e-%e5%85%a8%e5%9c%8b%e5%94%af%e4%b8%80%e6%87%b8%e5%90%8a%e9%a3%9b%e6%a9%9f%e5%8d%9a%e7%89%a9%e9%a4%a8/,False
æ©Ÿå¸«è€ƒè©¦å°çŸ¥è­˜â€” é£›è¡Œå“¡çš„å¿…è¦æ¢ä»¶//è­¦è¦ºæ€§,https://flyfttw.com/%e6%a9%9f%e5%b8%ab%e8%80%83%e8%a9%a6%e5%b0%8f%e7%9f%a5%e8%ad%98-%e9%a3%9b%e8%a1%8c%e5%93%a1%e7%9a%84%e5%bf%85%e8%a6%81%e6%a2%9d%e4%bb%b6-%e8%ad%a6%e8%a6%ba%e6%80%a7/,False
èˆªç©ºæ–°èâ€” ç©ºä¸­å¤§çƒé¾ï¼Ÿè™èˆªç«Ÿå ±é•·æ¦®ã€ŒMAYDAYã€æ°‘èˆªå±€ä¹Ÿå–Šé›¢å¥‡,https://flyfttw.com/%e8%88%aa%e7%a9%ba%e6%96%b0%e8%81%9e-%e7%a9%ba%e4%b8%ad%e5%a4%a7%e7%83%8f%e9%be%8d%ef%bc%9f%e8%99%8e%e8%88%aa%e7%ab%9f%e5%a0%b1%e9%95%b7%e6%a6%ae%e3%80%8cmayday%e3%80%8d%e6%b0%91%e8%88%aa/,False
æ©Ÿå¸«è€ƒè©¦è¶£èâ€” 10å€‹è®“å»‰èˆªå´©æ½°çš„æå•,https://flyfttw.com/%e6%a9%9f%e5%b8%ab%e8%80%83%e8%a9%a6%e8%b6%a3%e8%81%9e-10%e5%80%8b%e8%ae%93%e5%bb%89%e8%88%aa%e5%b4%a9%e6%bd%b0%e7%9a%84%e6%8f%90%e5%95%8f/,False
æ©Ÿå¸«è€ƒè©¦å°çŸ¥è­˜â€” é£›æ©Ÿé‡åˆ°å¾®çˆ†æµè©²å¦‚ä½•è™•ç†ï¼Ÿ,https://flyfttw.com/%e6%a9%9f%e5%b8%ab%e8%80%83%e8%a9%a6%e5%b0%8f%e7%9f%a5%e8%ad%98-%e9%a3%9b%e6%a9%9f%e9%81%87%e5%88%b0%e5%be%ae%e7%88%86%e6%b5%81%e8%a9%b2%e5%a6%82%e4%bd%95%e8%99%95%e7%90%86%ef%bc%9f/,False
æ©Ÿå¸«è€ƒè©¦å¿…çŸ¥â€” é£›æ©Ÿè¡å‡ºè·‘é“æ€éº¼è¾¦ï¼Ÿ,https://flyfttw.com/%e6%a9%9f%e5%b8%ab%e8%80%83%e8%a9%a6%e5%bf%85%e7%9f%a5-%e9%a3%9b%e6%a9%9f%e8%a1%9d%e5%87%ba%e8%b7%91%e9%81%93%e6%80%8e%e9%ba%bc%e8%be%a6%ef%bc%9f/,False
æ©Ÿå¸«è€ƒè©¦å¿…çŸ¥â€” èªè­˜é£›è¡Œå…­å¤§å„€è¡¨Flight Instruments,https://flyfttw.com/%e6%a9%9f%e5%b8%ab%e8%80%83%e8%a9%a6%e5%bf%85%e7%9f%a5-%e8%aa%8d%e8%ad%98%e9%a3%9b%e8%a1%8c%e5%85%ad%e5%a4%a7%e5%84%80%e8%a1%a8flight-instruments/,False
æ•™å®˜ä¾†åˆ†äº«â€” A380é™è½æ¡ƒåœ’æ©Ÿå ´ï¼,https://flyfttw.com/%e6%95%99%e5%ae%98%e4%be%86%e5%88%86%e4%ba%ab-a380%e9%99%8d%e8%90%bd%e6%a1%83%e5%9c%92%e6%a9%9f%e5%a0%b4%ef%bc%81/,False
æ©Ÿå¸«é¢è©¦å¿…è€ƒâ€” é£›æ©Ÿèµ·é£›çš„å››å€‹åŠ›ï¼,https://flyfttw.com/%e6%a9%9f%e5%b8%ab%e9%9d%a2%e8%a9%a6%e5%bf%85%e8%80%83-%e9%a3%9b%e6%a9%9f%e8%b5%b7%e9%a3%9b%e7%9a%84%e5%9b%9b%e5%80%8b%e5%8a%9b%ef%bc%81/,False
èˆªç©ºæ–°èâ€” å®‰æ·æ•™ç·´æ©Ÿå°æ±æ©Ÿå ´æ©Ÿé¼»è‘—åœ°ï¼,https://flyfttw.com/%e8%88%aa%e7%a9%ba%e6%96%b0%e8%81%9e-%e5%ae%89%e6%8d%b7%e6%95%99%e7%b7%b4%e6%a9%9f%e5%8f%b0%e6%9d%b1%e6%a9%9f%e5%a0%b4%e6%a9%9f%e9%bc%bb%e8%91%97%e5%9c%b0%ef%bc%81/,False
æ©Ÿå¸«è€ƒè©¦è¶£èâ€” è¿½å¤¢ï¼ä¸­åœ‹ARJç ”è£½ç´€éŒ„ç‰‡,https://flyfttw.com/%e6%a9%9f%e5%b8%ab%e8%80%83%e8%a9%a6%e8%b6%a3%e8%81%9e-%e8%bf%bd%e5%a4%a2%ef%bc%81%e4%b8%ad%e5%9c%8barj%e7%a0%94%e8%a3%bd%e7%b4%80%e9%8c%84%e7%89%87/,False
èˆªç©ºæ–°èâ€” å¹´è¼•äººç•¶æ©Ÿå¸«ç¾åœ¨æ­£å¤¯ï¼,https://flyfttw.com/%e8%88%aa%e7%a9%ba%e6%96%b0%e8%81%9e%ef%bc%9a%e5%b9%b4%e8%bc%95%e4%ba%ba%e7%95%b6%e6%a9%9f%e5%b8%ab%e7%8f%be%e5%9c%a8%e6%ad%a3%e5%a4%af%ef%bc%81/,False
æ©Ÿå¸«è€ƒè©¦å°çŸ¥è­˜ï¼šé£›æ©Ÿå»æ‰€å¤§å­¸å•ï¼,https://flyfttw.com/%e6%a9%9f%e5%b8%ab%e8%80%83%e8%a9%a6%e5%b0%8f%e7%9f%a5%e8%ad%98%ef%bc%9a%e9%a3%9b%e6%a9%9f%e5%bb%81%e6%89%80%e5%a4%a7%e5%ad%b8%e5%95%8f%ef%bc%81/,False
æ©Ÿå¸«è€ƒè©¦å°çŸ¥è­˜â€” é£›æ©Ÿçš„å¤§æ•µ é³¥æ“Š,https://flyfttw.com/%e6%a9%9f%e5%b8%ab%e8%80%83%e8%a9%a6%e5%b0%8f%e7%9f%a5%e8%ad%98-%e9%a3%9b%e6%a9%9f%e7%9a%84%e5%a4%a7%e6%95%b5-%e9%b3%a5%e6%93%8a/,False
èˆªç©ºæ–°èâ€” è¯èˆªèˆ‡æ³¢éŸ³åˆä½œå…¨çƒç¬¬ä¸€å°è¯åB777å½©ç¹ªæ©Ÿä»Šæ™š,https://flyfttw.com/%e8%88%aa%e7%a9%ba%e6%96%b0%e8%81%9e-%e8%8f%af%e8%88%aa%e8%88%87%e6%b3%a2%e9%9f%b3%e5%90%88%e4%bd%9c%e5%85%a8%e7%90%83%e7%ac%ac%e4%b8%80%e5%8f%b0%e8%81%af%e5%90%8db777%e5%bd%a9%e7%b9%aa/,False
èˆªç©ºæ–°èâ€” å°ç£å²ä¸Šæœ€å¤§è¦æ¨¡ï¼æ¡ƒåœ’æ©Ÿå ´ç¬¬ä¸‰èˆªç«™åœ‹éš›ç«¶åœ–,https://flyfttw.com/%e8%88%aa%e7%a9%ba%e6%96%b0%e8%81%9e-%e5%8f%b0%e7%81%a3%e5%8f%b2%e4%b8%8a%e6%9c%80%e5%a4%a7%e8%a6%8f%e6%a8%a1%ef%bc%81%e6%a1%83%e5%9c%92%e6%a9%9f%e5%a0%b4%e7%ac%ac%e4%b8%89%e8%88%aa%e7%ab%99/,False
èˆªç©ºæ–°èâ€” å¤§éµ¬èˆªç©ºäº‹æ•…çœŸç›¸æ›å…‰,https://flyfttw.com/%e8%88%aa%e7%a9%ba%e6%96%b0%e8%81%9e-%e5%a4%a7%e9%b5%ac%e8%88%aa%e7%a9%ba%e4%ba%8b%e6%95%85%e7%9c%9f%e7%9b%b8%e6%9b%9d%e5%85%89/,False
æ©Ÿå¸«è€ƒè©¦å¿…çŸ¥â€” å¦‚ä½•é¸æ“‡é£›è¡Œè€³æ©Ÿï¼Ÿ,https://flyfttw.com/%e6%a9%9f%e5%b8%ab%e8%80%83%e8%a9%a6%e5%bf%85%e7%9f%a5-%e5%a6%82%e4%bd%95%e9%81%b8%e6%93%87%e9%a3%9b%e8%a1%8c%e8%80%b3%e6%a9%9f%ef%bc%9f/,False
æ©Ÿå¸«è€ƒè©¦å°çŸ¥è­˜â€” èªè­˜A380çš„è¨­è¨ˆéç¨‹èˆ‡å¤§äº‹ä»¶ï¼,https://flyfttw.com/%e6%a9%9f%e5%b8%ab%e8%80%83%e8%a9%a6%e5%b0%8f%e7%9f%a5%e8%ad%98-%e8%aa%8d%e8%ad%98a380%e7%9a%84%e8%a8%ad%e8%a8%88%e9%81%8e%e7%a8%8b%e8%88%87%e5%a4%a7%e4%ba%8b%e4%bb%b6%ef%bc%81/,False
èˆªç©ºæ–°èâ€” ä¸–ç•Œæœ€å¤§è²¨æ©ŸAn-225èµ·é£›ï¼Œæ‰“é€ ä¾†è¼‰å¤ªç©ºæ¢­ï¼,https://flyfttw.com/%e8%88%aa%e7%a9%ba%e6%96%b0%e8%81%9e-%e4%b8%96%e7%95%8c%e6%9c%80%e5%a4%a7%e8%b2%a8%e6%a9%9fan-225%e8%b5%b7%e9%a3%9b%ef%bc%8c%e6%89%93%e9%80%a0%e4%be%86%e8%bc%89%e5%a4%aa%e7%a9%ba%e6%a2%ad/,False
èˆªç©ºæ–°èâ€” ç¾è»B-52è½Ÿç‚¸æ©Ÿå¢œé—œå³¶ 7äººç”Ÿé‚„,https://flyfttw.com/%e8%88%aa%e7%a9%ba%e6%96%b0%e8%81%9e-%e7%be%8e%e8%bb%8db-52%e8%bd%9f%e7%82%b8%e6%a9%9f%e5%a2%9c%e9%97%9c%e5%b3%b6-7%e4%ba%ba%e7%94%9f%e9%82%84/,False
æ©Ÿå¸«è€ƒè©¦å°çŸ¥è­˜â€” å¯æ€•çš„ç©ºé–“è¿·å‘ï¼,https://flyfttw.com/%e6%a9%9f%e5%b8%ab%e8%80%83%e8%a9%a6%e5%b0%8f%e7%9f%a5%e8%ad%98-%e5%8f%af%e6%80%95%e7%9a%84%e7%a9%ba%e9%96%93%e8%bf%b7%e5%90%91%ef%bc%81/,False
èˆªç©ºæ–°èâ€” åŸƒåŠèˆªç©ºå®¢æ©Ÿå¤±äº‹ æµ·é¢å·²ç™¼ç¾æ®˜éª¸,https://flyfttw.com/%e8%88%aa%e7%a9%ba%e6%96%b0%e8%81%9e-%e5%9f%83%e5%8f%8a%e8%88%aa%e7%a9%ba%e5%ae%a2%e6%a9%9f%e5%a4%b1%e4%ba%8b-%e6%b5%b7%e9%9d%a2%e5%b7%b2%e7%99%bc%e7%8f%be%e6%ae%98%e9%aa%b8/,False
èˆªç©ºæ–°èâ€” ä¸–ç•Œæœ€å¤§é£›æ©Ÿé¦–é™æ¾³æ´² è¬äººçˆ­ç¹è‡´äº¤é€šå µå¡,https://flyfttw.com/%e8%88%aa%e7%a9%ba%e6%96%b0%e8%81%9e-%e4%b8%96%e7%95%8c%e6%9c%80%e5%a4%a7%e9%a3%9b%e6%a9%9f%e9%a6%96%e9%99%8d%e6%be%b3%e6%b4%b2-%e8%90%ac%e4%ba%ba%e7%88%ad%e7%9d%b9%e8%87%b4%e4%ba%a4%e9%80%9a/,False
æ©Ÿå¸«è€ƒè©¦å¿…çŸ¥â€” å—è¨“å‰å°å®åš€,https://flyfttw.com/%e6%a9%9f%e5%b8%ab%e8%80%83%e8%a9%a6%e5%bf%85%e7%9f%a5-%e5%8f%97%e8%a8%93%e5%89%8d%e5%b0%8f%e5%8f%ae%e5%9a%80/,False
èˆªç©ºæ–°èâ€” å°åº¦å»‰èˆªéšªæŠŠé¦¬è·¯ç•¶è·‘é“é™è½,https://flyfttw.com/%e8%88%aa%e7%a9%ba%e6%96%b0%e8%81%9e-%e5%8d%b0%e5%ba%a6%e5%bb%89%e8%88%aa%e9%9a%aa%e6%8a%8a%e9%a6%ac%e8%b7%af%e7%95%b6%e8%b7%91%e9%81%93%e9%99%8d%e8%90%bd/,False
èˆªç©ºæ–°èâ€” å…¨çƒç©ºé›£æ­»äº¡ç‡1400è¬åˆ†ä¹‹1,https://flyfttw.com/%e8%88%aa%e7%a9%ba%e6%96%b0%e8%81%9e-%e5%85%a8%e7%90%83%e7%a9%ba%e9%9b%a3%e6%ad%bb%e4%ba%a1%e7%8e%871400%e8%90%ac%e5%88%86%e4%b9%8b1/,False
èˆªç©ºæ–°èâ€” Kittyå½©ç¹ªæ©Ÿ ç²å…¨çƒå“è¶ŠåŸå‰µç,https://flyfttw.com/%e5%9f%b9%e8%a8%93%e6%a9%9f%e5%b8%ab%e5%b0%8f%e5%ad%b8%e5%a0%82%e2%91%a0%e2%91%a6-%e9%9b%b2%e7%ab%af%e4%b8%8a%e7%9a%84%e7%be%8e%e9%a3%9f/,False
æ©Ÿå¸«è€ƒè©¦å°çŸ¥è­˜â€” CAPSè®“å­¸é£›è®Šå¾—ä¸å±éšªï¼,https://flyfttw.com/%e6%a9%9f%e5%b8%ab%e8%80%83%e8%a9%a6%e5%b0%8f%e7%9f%a5%e8%ad%98-caps%e8%ae%93%e5%ad%b8%e9%a3%9b%e8%ae%8a%e5%be%97%e4%b8%8d%e5%8d%b1%e9%9a%aa%ef%bc%81/,False
èˆªç©ºæ–°èâ€” ç«‹æ¦®20å¹´MD-90å®¢æ©Ÿå…‰æ¦®é€€å½¹,https://flyfttw.com/%e8%88%aa%e7%a9%ba%e6%96%b0%e8%81%9e-%e7%ab%8b%e6%a6%ae20%e5%b9%b4md-90%e5%ae%a2%e6%a9%9f%e5%85%89%e6%a6%ae%e9%80%80%e5%bd%b9/,False
æ©Ÿå¸«è€ƒè©¦å°çŸ¥è­˜â€” ç©ºå»šèˆ‡ç©ºä¸­é¤é»,https://flyfttw.com/%e6%a9%9f%e5%b8%ab%e8%80%83%e8%a9%a6%e5%b0%8f%e7%9f%a5%e8%ad%98-%e7%a9%ba%e5%bb%9a%e8%88%87%e7%a9%ba%e4%b8%ad%e9%a4%90%e9%bb%9e/,False
èˆªç©ºæ–°èâ€” 3Dåˆ—å°é£›æ©Ÿæ›´è¼•å·§æ›´çœç‡ƒæ–™,https://flyfttw.com/%e8%88%aa%e7%a9%ba%e6%96%b0%e8%81%9e-3d%e5%88%97%e5%8d%b0%e9%a3%9b%e6%a9%9f%e6%9b%b4%e8%bc%95%e5%b7%a7%e6%9b%b4%e7%9c%81%e7%87%83%e6%96%99/,False
èˆªç©ºæ–°èâ€” ä¸Šé£›æ©Ÿå°ˆæ³¨é€ƒç”ŸæŒ‡ç¤ºèƒ½ä¿å‘½,https://flyfttw.com/%e8%88%aa%e7%a9%ba%e6%96%b0%e8%81%9e-%e4%b8%8a%e9%a3%9b%e6%a9%9f%e5%b0%88%e6%b3%a8%e9%80%83%e7%94%9f%e6%8c%87%e7%a4%ba%e8%83%bd%e4%bf%9d%e5%91%bd/,False
æ©Ÿå¸«è€ƒè©¦è¶£èâ€” å…¨çƒæœ€çŸ­å•†æ¥­èˆªç·šï¼Œèµ·é£›é™è½47ç§’ï¼,https://flyfttw.com/%e6%a9%9f%e5%b8%ab%e8%80%83%e8%a9%a6%e8%b6%a3%e8%81%9e-%e5%85%a8%e7%90%83%e6%9c%80%e7%9f%ad%e5%95%86%e6%a5%ad%e8%88%aa%e7%b7%9a%ef%bc%8c%e8%b5%b7%e9%a3%9b%e9%99%8d%e8%90%bd47%e7%a7%92/,False
æ©Ÿå¸«è€ƒè©¦å¿…çŸ¥â€” æ•™ä½ å¦‚ä½•é¸æ“‡å°çš„å¤ªé™½çœ¼é¡ï¼,https://flyfttw.com/%e6%a9%9f%e5%b8%ab%e8%80%83%e8%a9%a6%e5%bf%85%e7%9f%a5-%e6%95%99%e4%bd%a0%e5%a6%82%e4%bd%95%e9%81%b8%e6%93%87%e5%b0%8d%e7%9a%84%e5%a4%aa%e9%99%bd%e7%9c%bc%e9%8f%a1%ef%bc%81/,False
æ©Ÿå¸«è€ƒè©¦å¿…çŸ¥â€” å­¸æ­·ä¸å¥½å¦‚ä½•ç‚ºè€ƒè©¦åŠ åˆ†ï¼Ÿ,https://flyfttw.com/%e6%a9%9f%e5%b8%ab%e8%80%83%e8%a9%a6%e5%bf%85%e7%9f%a5%ef%bc%9a%e5%ad%b8%e6%ad%b7%e4%b8%8d%e5%a5%bd%e5%a6%82%e4%bd%95%e7%82%ba%e8%80%83%e8%a9%a6%e5%8a%a0%e5%88%86%ef%bc%9f/,False
æ©Ÿå¸«è€ƒè©¦å¿ƒå¾—â€” è€ƒä¸ŠåŸ¹è¨“æ©Ÿå¸«åªæ˜¯æ‹¿åˆ°é–€ç¥¨ï¼,https://flyfttw.com/%e6%a9%9f%e5%b8%ab%e8%80%83%e8%a9%a6%e5%bf%83%e5%be%97-%e8%80%83%e4%b8%8a%e5%9f%b9%e8%a8%93%e6%a9%9f%e5%b8%ab%e5%8f%aa%e6%98%af%e6%8b%bf%e5%88%b0%e9%96%80%e7%a5%a8%ef%bc%81/,False
æ©Ÿå¸«è€ƒè©¦æ·±åº¦è«‡â€” è‡ªè¨“è©²åˆ°å“ªå€‹åœ‹å®¶å­¸é£›å‘¢ï¼Ÿ,https://flyfttw.com/%e6%a9%9f%e5%b8%ab%e8%80%83%e8%a9%a6%e6%b7%b1%e5%ba%a6%e8%ab%87-%e8%87%aa%e8%a8%93%e8%a9%b2%e5%88%b0%e5%93%aa%e5%80%8b%e5%9c%8b%e5%ae%b6%e5%ad%b8%e9%a3%9b%e5%91%a2%ef%bc%9f/,False
æ©Ÿå¸«è€ƒè©¦å¿…çŸ¥â€” åŸ¹è¨“è€ƒè©¦åå¤§QAè§£æï¼,https://flyfttw.com/%e6%a9%9f%e5%b8%ab%e8%80%83%e8%a9%a6%e5%bf%85%e7%9f%a5-%e5%9f%b9%e8%a8%93%e8%80%83%e8%a9%a6%e5%8d%81%e5%a4%a7qa%e8%a7%a3%e6%9e%90%ef%bc%81/,False
æ©Ÿå¸«è€ƒè©¦å¿ƒå¾—â€”ã€Šè–©åˆ©æ©Ÿé•·ã€‹è§€å¾Œæœ‰æ„Ÿ,https://flyfttw.com/%e6%a9%9f%e5%b8%ab%e8%80%83%e8%a9%a6%e5%bf%83%e5%be%97-%e3%80%8a%e8%96%a9%e5%88%a9%e6%a9%9f%e9%95%b7%e3%80%8b%e8%a7%80%e5%be%8c%e6%9c%89%e6%84%9f/,False
æ©Ÿå¸«è€ƒè©¦å°çŸ¥è­˜â€” ä»€éº¼æ˜¯ç›®è¦–é£›è¡Œ? å„€è¡¨é£›è¡Œ?,https://flyfttw.com/%e6%a9%9f%e5%b8%ab%e8%80%83%e8%a9%a6%e5%b0%8f%e7%9f%a5%e8%ad%98-%e4%bb%80%e9%ba%bc%e6%98%af%e7%9b%ae%e8%a6%96%e9%a3%9b%e8%a1%8c-%e5%84%80%e8%a1%a8%e9%a3%9b%e8%a1%8c/,False
æ©Ÿå¸«å­å¥³è€ƒå–åŸ¹è¨“æ©Ÿå¸«å¾¡ç”¨å“ç‰Œï¼,https://flyfttw.com/%e6%a9%9f%e5%b8%ab%e5%ad%90%e5%a5%b3%e8%80%83%e5%8f%96%e5%9f%b9%e8%a8%93%e6%a9%9f%e5%b8%ab%e5%be%a1%e7%94%a8%e5%93%81%e7%89%8c%ef%bc%81/,False
æ©Ÿå¸«è€ƒè©¦å¿ƒå¾—â€” ä¸ŠåƒåŸ¹è¨“æ©Ÿå¸«å¤¢æƒ³ä¸­çš„å·¥ä½œï¼ˆå½±ç‰‡ï¼‰,https://flyfttw.com/%e6%a9%9f%e5%b8%ab%e8%80%83%e8%a9%a6%e5%bf%83%e5%be%97%ef%bc%9a%e5%ad%b8%e9%a3%9b%e8%a9%b2%e6%9c%89%e7%9a%84%e6%85%8b%e5%ba%a6%ef%bc%81-2/,False
åŸ¹è¨“æ©Ÿå¸«é¢è©¦è€ƒè©¦å¯†æŠ€ï¼,https://flyfttw.com/%e5%9f%b9%e8%a8%93%e6%a9%9f%e5%b8%ab%e9%9d%a2%e8%a9%a6%e8%80%83%e8%a9%a6%e5%af%86%e6%8a%80%ef%bc%81/,False
æ©Ÿå¸«è€ƒè©¦å°çŸ¥è­˜â€” ç‚ºä½•APPèƒ½çŸ¥é“é£›æ©Ÿçš„ä½ç½®ï¼Ÿ,https://flyfttw.com/%e6%a9%9f%e5%b8%ab%e8%80%83%e8%a9%a6%e5%b0%8f%e7%9f%a5%e8%ad%98-%e7%82%ba%e4%bd%95app%e8%83%bd%e7%9f%a5%e9%81%93%e9%a3%9b%e6%a9%9f%e7%9a%84%e4%bd%8d%e7%bd%ae%ef%bc%9f/,False
æ©Ÿå¸«è€ƒè©¦å°çŸ¥è­˜â€” é£›æ©Ÿèµ·é£›å‰éƒ½åšäº†äº›ä»€éº¼å‘¢ï¼Ÿ,https://flyfttw.com/%e6%a9%9f%e5%b8%ab%e8%80%83%e8%a9%a6%e5%b0%8f%e7%9f%a5%e8%ad%98-%e9%a3%9b%e6%a9%9f%e8%b5%b7%e9%a3%9b%e5%89%8d%e9%83%bd%e5%81%9a%e4%ba%86%e4%ba%9b%e4%bb%80%e9%ba%bc%e5%91%a2%ef%bc%9f/,False
æ©Ÿå¸«è€ƒè©¦å°çŸ¥è­˜â€” çš®æ‰˜ç®¡æ˜¯ä»€éº¼ï¼Ÿ,https://flyfttw.com/%e6%a9%9f%e5%b8%ab%e8%80%83%e8%a9%a6%e5%b0%8f%e7%9f%a5%e8%ad%98-%e7%9a%ae%e6%89%98%e7%ae%a1%e6%98%af%e4%bb%80%e9%ba%bc%ef%bc%9f/,False
æ•™å®˜ä¾†åˆ†äº«â€” æ©Ÿå¸«è€ƒè©¦é¢è©¦æŠ€å·§,https://flyfttw.com/%e6%95%99%e5%ae%98%e4%be%86%e5%88%86%e4%ba%ab%ef%bc%9a%e6%a9%9f%e5%b8%ab%e8%80%83%e8%a9%a6%e9%9d%a2%e8%a9%a6%e6%8a%80%e5%b7%a7/,False
æ©Ÿå¸«è€ƒè©¦å°çŸ¥è­˜â€” èºæ—‹æ§³é£›æ©Ÿçš„å·¦åè¶¨å‘æ•ˆæ‡‰,https://flyfttw.com/%e6%a9%9f%e5%b8%ab%e8%80%83%e8%a9%a6%e5%b0%8f%e7%9f%a5%e8%ad%98-%e8%9e%ba%e6%97%8b%e6%a7%b3%e9%a3%9b%e6%a9%9f%e7%9a%84%e5%b7%a6%e5%81%8f%e8%b6%a8%e5%90%91%e6%95%88%e6%87%89/,False
æ©Ÿå¸«è€ƒè©¦å¿…çŸ¥â€” è¦æˆç‚ºæ°‘èˆªæ©Ÿå¸«è¦å…·å‚™å“ªäº›äººæ ¼ç‰¹è³ªï¼Ÿ,https://flyfttw.com/%e6%a9%9f%e5%b8%ab%e8%80%83%e8%a9%a6%e5%bf%85%e7%9f%a5%ef%bc%9a%e8%a6%81%e6%88%90%e7%82%ba%e6%b0%91%e8%88%aa%e6%a9%9f%e5%b8%ab%e8%a6%81%e5%85%b7%e5%82%99%e5%93%aa%e4%ba%9b%e4%ba%ba%e6%a0%bc%e7%89%b9/,False
æ©Ÿå¸«è€ƒè©¦å°çŸ¥è­˜â€” é£›æ©Ÿèµ·ç«æ™‚æ€éº¼è¾¦ï¼Ÿ,https://flyfttw.com/%e6%a9%9f%e5%b8%ab%e8%80%83%e8%a9%a6%e5%b0%8f%e7%9f%a5%e8%ad%98-%e9%a3%9b%e6%a9%9f%e8%b5%b7%e7%81%ab%e6%99%82%e6%80%8e%e9%ba%bc%e8%be%a6%ef%bc%9f/,False
æ©Ÿå¸«è€ƒè©¦è¶£èâ€” é£›è¡Œå“¡çš„è‰¯ä¼´// iPad,https://flyfttw.com/%e6%a9%9f%e5%b8%ab%e8%80%83%e8%a9%a6%e8%b6%a3%e8%81%9e-%e9%a3%9b%e8%a1%8c%e5%93%a1%e7%9a%84%e8%89%af%e4%bc%b4-ipad/,False
æ©Ÿå¸«è€ƒè©¦å°çŸ¥è­˜â€” Microburst å¾®çˆ†æ°£æµå¤šå¯æ€•ï¼,https://flyfttw.com/%e6%a9%9f%e5%b8%ab%e8%80%83%e8%a9%a6%e5%b0%8f%e7%9f%a5%e8%ad%98-microburst-%e5%be%ae%e7%88%86%e6%b0%a3%e6%b5%81%e5%a4%9a%e5%8f%af%e6%80%95%ef%bc%81/,False
æ©Ÿå¸«è€ƒè©¦å¿ƒå¾—â€” å­¸é£›è©²æœ‰çš„æ…‹åº¦ï¼,https://flyfttw.com/%e6%a9%9f%e5%b8%ab%e8%80%83%e8%a9%a6%e5%bf%83%e5%be%97%ef%bc%9a%e5%ad%b8%e9%a3%9b%e8%a9%b2%e6%9c%89%e7%9a%84%e6%85%8b%e5%ba%a6%ef%bc%81/,False
æ©Ÿå¸«è€ƒè©¦å°çŸ¥è­˜â€” æ—é€šæ¯”æ˜¯ä»€éº¼ï¼Ÿ,https://flyfttw.com/%e6%a9%9f%e5%b8%ab%e8%80%83%e8%a9%a6%e5%b0%8f%e7%9f%a5%e8%ad%98-%e6%97%81%e9%80%9a%e6%af%94%e6%98%af%e4%bb%80%e9%ba%bc%ef%bc%9f/,False
æ•™å®˜ä¾†åˆ†äº«â€” æ©Ÿå¸«ä¸Šç·šå¾Œä¸‰å…©äº‹,https://flyfttw.com/%e6%95%99%e5%ae%98%e4%be%86%e5%88%86%e4%ba%ab%ef%bc%9a%e6%a9%9f%e5%b8%ab%e4%b8%8a%e7%b7%9a%e5%be%8c%e4%b8%89%e5%85%a9%e4%ba%8b/,False
æ©Ÿå¸«è€ƒè©¦å°çŸ¥è­˜â€” ç‚ºä»€éº¼A380åªæœ‰å…§å´ç™¼å‹•æ©Ÿæœ‰åæ¨ï¼Ÿ,https://flyfttw.com/%e6%a9%9f%e5%b8%ab%e8%80%83%e8%a9%a6%e5%b0%8f%e7%9f%a5%e8%ad%98-%e7%82%ba%e4%bb%80%e9%ba%bca380%e5%8f%aa%e6%9c%89%e5%85%a7%e5%81%b4%e7%99%bc%e5%8b%95%e6%a9%9f%e6%9c%89%e5%8f%8d%e6%8e%a8/,False
æ©Ÿå¸«è€ƒè©¦å°çŸ¥è­˜â€” é‡æ–°èµ·é£›çš„é‡è¦æ€§,https://flyfttw.com/%e6%a9%9f%e5%b8%ab%e8%80%83%e8%a9%a6%e5%b0%8f%e7%9f%a5%e8%ad%98-%e9%87%8d%e6%96%b0%e8%b5%b7%e9%a3%9b%e7%9a%84%e9%87%8d%e8%a6%81%e6%80%a7/,False
æ©Ÿå¸«è€ƒè©¦è¶£èâ€” æ©Ÿè‰™å†·çŸ¥è­˜çŸ¥å¤šå°‘ï¼Ÿ,https://flyfttw.com/%e6%a9%9f%e5%b8%ab%e8%80%83%e8%a9%a6%e8%b6%a3%e8%81%9e-%e6%a9%9f%e8%89%99%e5%86%b7%e7%9f%a5%e8%ad%98%e7%9f%a5%e5%a4%9a%e5%b0%91%ef%bc%9f/,False
æ©Ÿå¸«è€ƒè©¦å°çŸ¥è­˜â€” é£›æ©Ÿçµå†°æ€éº¼è¾¦?,https://flyfttw.com/%e6%a9%9f%e5%b8%ab%e8%80%83%e8%a9%a6%e5%b0%8f%e7%9f%a5%e8%ad%98-%e9%a3%9b%e6%a9%9f%e7%b5%90%e5%86%b0%e6%80%8e%e9%ba%bc%e8%be%a6/,False
æ©Ÿå¸«è€ƒè©¦å°çŸ¥è­˜â€” é£›æ©Ÿèµ·é£›å‰ç‚ºä½•éœ€è¦åŠ©è·‘ï¼Ÿ,https://flyfttw.com/%e6%a9%9f%e5%b8%ab%e8%80%83%e8%a9%a6%e5%b0%8f%e7%9f%a5%e8%ad%98-%e9%a3%9b%e6%a9%9f%e8%b5%b7%e9%a3%9b%e5%89%8d%e7%82%ba%e4%bd%95%e9%9c%80%e8%a6%81%e5%8a%a9%e8%b7%91%ef%bc%9f/,False
åŸ¹è¨“æ©Ÿå¸«èˆªç©ºçŸ¥è­˜å°å­¸å ‚â€” é»‘ç›’å­çš„ç§˜å¯†,https://flyfttw.com/%e5%9f%b9%e8%a8%93%e6%a9%9f%e5%b8%ab%e8%88%aa%e7%a9%ba%e7%9f%a5%e8%ad%98%e5%b0%8f%e5%ad%b8%e5%a0%82-%e9%bb%91%e7%9b%92%e5%ad%90%e7%9a%84%e7%a7%98%e5%af%86/,False
æ•™å®˜ä¾†åˆ†äº«â€” åŸ¹è¨“æ©Ÿå¸«å¿ƒè²ç¯‡part1,https://flyfttw.com/%e6%95%99%e5%ae%98%e4%be%86%e5%88%86%e4%ba%ab%ef%bc%9a%e5%9f%b9%e8%a8%93%e6%a9%9f%e5%b8%ab%e5%bf%83%e8%81%b2%e7%af%87part1/,False
æ•™å®˜ä¾†åˆ†äº«â€” åŸ¹è¨“æ©Ÿå¸«å¿ƒè²ç¯‡part2,https://flyfttw.com/%e6%95%99%e5%ae%98%e4%be%86%e5%88%86%e4%ba%ab%ef%bc%9a%e5%9f%b9%e8%a8%93%e6%a9%9f%e5%b8%ab%e5%bf%83%e8%81%b2%e7%af%87part2/,False
æ©Ÿå¸«è€ƒè©¦è¶£èâ€” æ©Ÿä½ç‚ºä»€éº¼æœƒè¶…è³£ï¼Ÿ,https://flyfttw.com/%e6%a9%9f%e5%b8%ab%e8%80%83%e8%a9%a6%e8%b6%a3%e8%81%9e-%e6%a9%9f%e4%bd%8d%e7%82%ba%e4%bb%80%e9%ba%bc%e6%9c%83%e8%b6%85%e8%b3%a3%ef%bc%9f/,False
æ•™å®˜ä¾†åˆ†äº«â€” å‡ºåœ‹å­¸é£›9å¤§å¿…çŸ¥,https://flyfttw.com/%e6%95%99%e5%ae%98%e4%be%86%e5%88%86%e4%ba%ab-%e5%87%ba%e5%9c%8b%e5%ad%b8%e9%a3%9b9%e5%a4%a7%e5%bf%85%e7%9f%a5/,False
æ©Ÿå¸«è€ƒè©¦æƒ³çŸ¥é“çš„Q&A,https://flyfttw.com/%e6%a9%9f%e5%b8%ab%e8%80%83%e8%a9%a6%e6%83%b3%e7%9f%a5%e9%81%93%e7%9a%84qa/,False
æ©Ÿå¸«è€ƒè©¦åŠ åˆ†æ–°é¸æ“‡ï¼,https://flyfttw.com/%e6%a9%9f%e5%b8%ab%e8%80%83%e8%a9%a6%e5%8a%a0%e5%88%86%e6%96%b0%e9%81%b8%e6%93%87%ef%bc%81/,False
æ•™å®˜ä¾†åˆ†äº«â€” æˆå°±å¿—æ¥­ï¼Œå¯¦ç¾é£›è¡Œï¼,https://flyfttw.com/%e6%95%99%e5%ae%98%e4%be%86%e5%88%86%e4%ba%ab%ef%bc%9a%e6%88%90%e5%b0%b1%e5%bf%97%e6%a5%ad%ef%bc%8c%e5%af%a6%e7%8f%be%e9%a3%9b%e8%a1%8c%ef%bc%81/,False
æ©Ÿå¸«æ‹›å‹Ÿå½±ç‰‡â€” é£›è¡Œå“¡çš„ä¸€å¤©ï¼,https://flyfttw.com/%e6%a9%9f%e5%b8%ab%e6%8b%9b%e5%8b%9f%e5%bd%b1%e7%89%87%ef%bc%9a%e9%a3%9b%e8%a1%8c%e5%93%a1%e7%9a%84%e4%b8%80%e5%a4%a9%ef%bc%81/,False
æ•™å®˜ä¾†åˆ†äº«â€” å±¥æ­·æ•™æˆ° å¦‚ä½•å¯«è‡ªå·±çš„ç¼ºé»ï¼Ÿ,https://flyfttw.com/%e6%95%99%e5%ae%98%e4%be%86%e5%88%86%e4%ba%ab%ef%bc%9a%e5%b1%a5%e6%ad%b7%e6%95%99%e6%88%b0-%e5%a6%82%e4%bd%95%e5%af%ab%e8%87%aa%e5%b7%b1%e7%9a%84%e7%bc%ba%e9%bb%9e%ef%bc%9f/,False
æ©Ÿå¸«è€ƒè©¦å°çŸ¥è­˜â€” é£›æ©Ÿå¼•æ“å¤±æ•ˆæ™‚è©²æ€éº¼è¾¦ï¼Ÿ,https://flyfttw.com/%e6%a9%9f%e5%b8%ab%e8%80%83%e8%a9%a6%e5%b0%8f%e7%9f%a5%e8%ad%98-%e9%a3%9b%e6%a9%9f%e5%bc%95%e6%93%8e%e5%a4%b1%e6%95%88%e6%99%82%e8%a9%b2%e6%80%8e%e9%ba%bc%e8%be%a6%ef%bc%9f/,False
æ©Ÿå¸«è€ƒè©¦å°çŸ¥è­˜â€” ç©ºé€Ÿè¡¨Airspeed Indicatorä»‹ç´¹Â ,https://flyfttw.com/%e6%a9%9f%e5%b8%ab%e8%80%83%e8%a9%a6%e5%b0%8f%e7%9f%a5%e8%ad%98-%e7%a9%ba%e9%80%9f%e8%a1%a8airspeed-indicator%e4%bb%8b%e7%b4%b9/,False
æ©Ÿå¸«è€ƒè©¦å¿…çŸ¥â€” æˆç‚ºåŸ¹è¨“æ©Ÿå¸«çš„ï¼–æ­¥é©Ÿ,https://flyfttw.com/%e6%a9%9f%e5%b8%ab%e8%80%83%e8%a9%a6%e5%bf%85%e7%9f%a5%ef%bc%9a%e6%88%90%e7%82%ba%e5%9f%b9%e8%a8%93%e6%a9%9f%e5%b8%ab%e7%9a%84%ef%bc%96%e6%ad%a5%e9%a9%9f/,False
èˆªç©ºè¶£èâ€” æ³¢éŸ³787-800å¤¢å¹»å®¢æ©Ÿåœ¨ç¾åœ‹22å·å¤©ç©ºç”¨é£›è¡Œè»Œè·¡ç•«å‡ºä¸€æ¶787ï¼,https://flyfttw.com/%e8%88%aa%e7%a9%ba%e8%b6%a3%e8%81%9e-%e6%b3%a2%e9%9f%b3787-800%e5%a4%a2%e5%b9%bb%e5%ae%a2%e6%a9%9f%e5%9c%a8%e7%be%8e%e5%9c%8b22%e5%b7%9e%e5%a4%a9%e7%a9%ba%e7%94%a8%e9%a3%9b%e8%a1%8c%e8%bb%8c/,False
æ©Ÿå¸«è€ƒè©¦å°çŸ¥è­˜â€” é£›æ©Ÿç‚ºä»€éº¼å¤šæ˜¯ç™½çš„ï¼Ÿ,https://flyfttw.com/%e6%a9%9f%e5%b8%ab%e8%80%83%e8%a9%a6%e5%b0%8f%e7%9f%a5%e8%ad%98-%e9%a3%9b%e6%a9%9f%e7%82%ba%e4%bb%80%e9%ba%bc%e5%a4%9a%e6%98%af%e7%99%bd%e7%9a%84%ef%bc%9f/,False
ä½ å¯èƒ½ä¸çŸ¥é“â€” ä¸–ç•Œç‰¹åˆ¥è¨­è¨ˆçš„æ©Ÿå ´ç‰¹è¼¯,https://flyfttw.com/%e4%bd%a0%e5%8f%af%e8%83%bd%e4%b8%8d%e7%9f%a5%e9%81%93-%e4%b8%96%e7%95%8c%e7%89%b9%e5%88%a5%e8%a8%ad%e8%a8%88%e7%9a%84%e6%a9%9f%e5%a0%b4%e7%89%b9%e8%bc%af/,False
æ©Ÿå¸«è€ƒè©¦è¶£èâ€” æ©Ÿå¸«ä¸æœƒå°ä½ èªªçš„ï¼“ä»¶äº‹ï¼,https://flyfttw.com/%e6%a9%9f%e5%b8%ab%e8%80%83%e8%a9%a6%e8%b6%a3%e8%81%9e-%e6%a9%9f%e5%b8%ab%e4%b8%8d%e6%9c%83%e5%b0%8d%e4%bd%a0%e8%aa%aa%e7%9a%84%ef%bc%93%e4%bb%b6%e4%ba%8b%ef%bc%81/,False
æ©Ÿå¸«è€ƒè©¦å¿ƒå¾—â€”ã€Šè¯èˆª93ã€‹é›»å½±æ¨è–¦,https://flyfttw.com/%e6%a9%9f%e5%b8%ab%e8%80%83%e8%a9%a6%e5%bf%83%e5%be%97-%e3%80%8a%e8%81%af%e8%88%aa93%e3%80%8b%e9%9b%bb%e5%bd%b1%e6%8e%a8%e8%96%a6/,False
FTTWèˆªç©ºå°çŸ¥è­˜â€” å®¢æ©Ÿçš„çª—æˆ¶,https://flyfttw.com/fttw%e8%88%aa%e7%a9%ba%e5%b0%8f%e7%9f%a5%e8%ad%98-%e5%ae%a2%e6%a9%9f%e7%9a%84%e7%aa%97%e6%88%b6/,False
æ©Ÿå¸«è€ƒè©¦ç¦éŸ³â€” æ©Ÿå¸«è–ªæ°´è¶…é«˜ï¼Œç™¾è¬å¹´è–ªç­‰ä»€éº¼ï¼Ÿ,https://flyfttw.com/%e6%a9%9f%e5%b8%ab%e8%80%83%e8%a9%a6%e7%a6%8f%e9%9f%b3%ef%bc%9a%e6%a9%9f%e5%b8%ab%e8%96%aa%e6%b0%b4%e8%b6%85%e9%ab%98%ef%bc%8c%e7%99%be%e8%90%ac%e5%b9%b4%e8%96%aa%e7%ad%89%e4%bb%80%e9%ba%bc%ef%bc%9f/,False
æ©Ÿå¸«è€ƒè©¦å¿…çŸ¥â€” æ©Ÿå¸«è–ªæ°´/ç¦åˆ©åˆ¶åº¦å¤§å…¬é–‹,https://flyfttw.com/%e6%a9%9f%e5%b8%ab%e8%80%83%e8%a9%a6%e5%bf%85%e7%9f%a5%ef%bc%9a%e6%a9%9f%e5%b8%ab%e8%96%aa%e6%b0%b4-%e7%a6%8f%e5%88%a9%e5%88%b6%e5%ba%a6%e5%a4%a7%e5%85%ac%e9%96%8b/,False
æ©Ÿå¸«è€ƒè©¦å°çŸ¥è­˜â€” é–ƒé›»æ‰“ä¸­é£›æ©Ÿæœƒæ€æ¨£?,https://flyfttw.com/%e6%a9%9f%e5%b8%ab%e8%80%83%e8%a9%a6%e5%b0%8f%e7%9f%a5%e8%ad%98-%e9%96%83%e9%9b%bb%e6%89%93%e4%b8%ad%e9%a3%9b%e6%a9%9f%e6%9c%83%e6%80%8e%e6%a8%a3/,False
æ©Ÿå¸«è€ƒè©¦å¿…çŸ¥â€” åå¤§å­¸é£›æ™‚æœƒçŠ¯çš„éŒ¯ä½ çŸ¥é“å—?,https://flyfttw.com/%e6%a9%9f%e5%b8%ab%e8%80%83%e8%a9%a6%e5%bf%85%e7%9f%a5-%e5%8d%81%e5%a4%a7%e5%ad%b8%e9%a3%9b%e6%99%82%e6%9c%83%e7%8a%af%e7%9a%84%e9%8c%af%e4%bd%a0%e7%9f%a5%e9%81%93%e5%97%8e/,False
æ©Ÿå¸«è€ƒè©¦å°çŸ¥è­˜â€” é£›æ©Ÿä¸Šçš„WIFIæ˜¯å¦‚ä½•é‹ä½œçš„ï¼Ÿ,https://flyfttw.com/%e6%a9%9f%e5%b8%ab%e8%80%83%e8%a9%a6%e5%b0%8f%e7%9f%a5%e8%ad%98-%e9%a3%9b%e6%a9%9f%e4%b8%8a%e7%9a%84wifi%e6%98%af%e5%a6%82%e4%bd%95%e9%81%8b%e4%bd%9c%e7%9a%84%ef%bc%9f/,False
æ©Ÿå¸«è€ƒè©¦è¶£èâ€” è€èˆŠå®¢æ©Ÿå»å“ªå…’ï¼Ÿ,https://flyfttw.com/%e6%a9%9f%e5%b8%ab%e8%80%83%e8%a9%a6%e8%b6%a3%e8%81%9e-%e8%80%81%e8%88%8a%e5%ae%a2%e6%a9%9f%e5%8e%bb%e5%93%aa%e5%85%92%ef%bc%9f/,False
æ©Ÿå¸«è€ƒè©¦å¿…çŸ¥â€” æ¨¡æ“¬æ©Ÿæ¸¬é©—æ”»ç•¥,https://flyfttw.com/%e6%a9%9f%e5%b8%ab%e8%80%83%e8%a9%a6%e5%bf%85%e7%9f%a5%ef%bc%9a%e6%a8%a1%e6%93%ac%e6%a9%9f%e6%b8%ac%e9%a9%97%e6%94%bb%e7%95%a5/,False
æ©Ÿå¸«è€ƒè©¦å¿ƒå¾—â€” æ©Ÿå¸«éŒ„å–ä¹‹è·¯ (å½±ç‰‡),https://flyfttw.com/%e6%a9%9f%e5%b8%ab%e8%80%83%e8%a9%a6%e5%bf%83%e5%be%97-%e6%a9%9f%e5%b8%ab%e9%8c%84%e5%8f%96%e4%b9%8b%e8%b7%af-%e5%bd%b1%e7%89%87/,False
æ©Ÿå¸«è€ƒè©¦å°çŸ¥è­˜â€” å¦‚ä½•é®è”½éŒ¯èª¤è¨Šè™Ÿï¼Ÿ,https://flyfttw.com/%e6%a9%9f%e5%b8%ab%e8%80%83%e8%a9%a6%e5%b0%8f%e7%9f%a5%e8%ad%98-%e5%a6%82%e4%bd%95%e9%81%ae%e8%94%bd%e9%8c%af%e8%aa%a4%e8%a8%8a%e8%99%9f%ef%bc%9f/,False
æ©Ÿå¸«è€ƒè©¦å¿…çŸ¥â€” è¦–åŠ›åˆæª¢é‡è¦æ€§,https://flyfttw.com/%e6%a9%9f%e5%b8%ab%e8%80%83%e8%a9%a6%e5%bf%85%e7%9f%a5%ef%bc%9a%e8%a6%96%e5%8a%9b%e5%88%9d%e6%aa%a2%e9%87%8d%e8%a6%81%e6%80%a7/,False
æˆç‚ºæ©Ÿå¸«å¿…å­¸çš„â€” å¤±é€Ÿæ”¹æ­£ï¼,https://flyfttw.com/%e6%88%90%e7%82%ba%e6%a9%9f%e5%b8%ab%e5%bf%85%e5%ad%b8%e7%9a%84-%e5%a4%b1%e9%80%9f%e6%94%b9%e6%ad%a3%ef%bc%81/,False
å­¸é£›æœ€å‰ç·šâ€” æ•™å®˜æ•™ä½ å¦‚ä½•é¸æ“‡é£›è¡Œå­¸æ ¡ï¼,https://flyfttw.com/%e5%ad%b8%e9%a3%9b%e6%9c%80%e5%89%8d%e7%b7%9a-%e6%95%99%e5%ae%98%e6%95%99%e4%bd%a0%e5%a6%82%e4%bd%95%e9%81%b8%e6%93%87%e9%a3%9b%e8%a1%8c%e5%ad%b8%e6%a0%a1%ef%bc%81/,False
FTTWèˆªç©ºå°çŸ¥è­˜â€” æ°´å¹³å°¾ç¿¼å¤±æ•ˆ,https://flyfttw.com/fttw%e8%88%aa%e7%a9%ba%e5%b0%8f%e7%9f%a5%e8%ad%98-%e6%b0%b4%e5%b9%b3%e5%b0%be%e7%bf%bc%e5%a4%b1%e6%95%88/,False
æ³¢éŸ³737 Maxâ€” åœé£›äº‹ä»¶æ¦‚è¿°,https://flyfttw.com/%e6%b3%a2%e9%9f%b3737-max-%e5%81%9c%e9%a3%9b%e4%ba%8b%e4%bb%b6%e6%a6%82%e8%bf%b0/,False
åŸ¹è¨“æ©Ÿå¸«â€” é£›è¡Œå“¡ç‰¹è³ªèˆ‡èˆªç©ºçŸ¥è­˜é‡è¦æ€§ï¼Ÿ,https://flyfttw.com/%e5%9f%b9%e8%a8%93%e6%a9%9f%e5%b8%ab-%e9%a3%9b%e8%a1%8c%e5%93%a1%e7%89%b9%e8%b3%aa%e8%88%87%e8%88%aa%e7%a9%ba%e7%9f%a5%e8%ad%98%e9%87%8d%e8%a6%81%e6%80%a7%ef%bc%9f/,False
æ•™å®˜ä¾†åˆ†äº«â€” èˆªç©ºæ³•è¦èˆ‡æŒ‘é¸å­¸é£›åœ‹å®¶çš„é—œä¿‚ï¼,https://flyfttw.com/%e6%95%99%e5%ae%98%e4%be%86%e5%88%86%e4%ba%ab-%e8%88%aa%e7%a9%ba%e6%b3%95%e8%a6%8f%e8%88%87%e6%8c%91%e9%81%b8%e5%ad%b8%e9%a3%9b%e5%9c%8b%e5%ae%b6%e7%9a%84%e9%97%9c%e4%bf%82%ef%bc%81/,False
åŸ¹è¨“æ©Ÿå¸«å°çŸ¥è­˜â€” æ•™ä½ å¦‚ä½•è°æ˜åˆ†è¾¨æ©Ÿå‹,https://flyfttw.com/%e5%9f%b9%e8%a8%93%e6%a9%9f%e5%b8%ab%e5%b0%8f%e7%9f%a5%e8%ad%98-%e6%95%99%e4%bd%a0%e5%a6%82%e4%bd%95%e8%81%b0%e6%98%8e%e5%88%86%e8%be%a8%e6%a9%9f%e5%9e%8b/,False
åŸ¹è¨“æ©Ÿå¸«å°çŸ¥è­˜â€” æ·ºè«‡é§•é§›è‰™é–€ã€å¾·ç¿¼ç©ºé›£,https://flyfttw.com/%e5%9f%b9%e8%a8%93%e6%a9%9f%e5%b8%ab%e5%b0%8f%e7%9f%a5%e8%ad%98-%e6%b7%ba%e8%ab%87%e9%a7%95%e9%a7%9b%e8%89%99%e9%96%80%e3%80%81%e5%be%b7%e7%bf%bc%e7%a9%ba%e9%9b%a3/,False
åŸ¹è¨“æ©Ÿå¸«å°çŸ¥è­˜â€” å„é¡æ©Ÿå‹çš„æ¨¡æ“¬æ©Ÿè©²å¦‚ä½•é¸æ“‡ï¼Ÿ,https://flyfttw.com/%e5%9f%b9%e8%a8%93%e6%a9%9f%e5%b8%ab%e5%b0%8f%e7%9f%a5%e8%ad%98-%e5%90%84%e9%a1%9e%e6%a9%9f%e5%9e%8b%e7%9a%84%e6%a8%a1%e6%93%ac%e6%a9%9f%e8%a9%b2%e5%a6%82%e4%bd%95%e9%81%b8%e6%93%87%ef%bc%9f/,False
èˆªç©ºå…¬å¸å¦‚ä½•æŒ‘é¸åŸ¹è¨“æ©Ÿå¸«,https://flyfttw.com/%e8%88%aa%e7%a9%ba%e5%85%ac%e5%8f%b8%e5%a6%82%e4%bd%95%e6%8c%91%e9%81%b8%e5%9f%b9%e8%a8%93%e6%a9%9f%e5%b8%ab/,False
åœ¨å°ç£è€ƒæ©Ÿå¸«çš„å¹¸é‹ä¹‹è™•,https://flyfttw.com/%e5%9c%a8%e5%8f%b0%e7%81%a3%e8%80%83%e6%a9%9f%e5%b8%ab%e7%9a%84%e5%b9%b8%e9%81%8b%e4%b9%8b%e8%99%95/,False
æ©Ÿå¸«è€ƒè©¦çš„å¾—åˆ©å°å¹«æ‰‹å€‘â€” å°ç·¨ç§å¿ƒå¤§æ¨,https://flyfttw.com/%e6%a9%9f%e5%b8%ab%e8%80%83%e8%a9%a6%e7%9a%84%e5%be%97%e5%88%a9%e5%b0%8f%e5%b9%ab%e6%89%8b%e5%80%91-%e5%b0%8f%e7%b7%a8%e7%a7%81%e5%bf%83%e5%a4%a7%e6%8e%a8/,False
åŸ¹è¨“æ©Ÿå¸«å°çŸ¥è­˜â€” èµ·é£›æ™‚çš„é—œéµé€Ÿåº¦ï¼ˆV-Speedï¼‰,https://flyfttw.com/%e5%9f%b9%e8%a8%93%e6%a9%9f%e5%b8%ab%e5%b0%8f%e7%9f%a5%e8%ad%98-%e8%b5%b7%e9%a3%9b%e6%99%82%e7%9a%84%e9%97%9c%e9%8d%b5%e9%80%9f%e5%ba%a6%ef%bc%88v-speed%ef%bc%89/,False
åŸ¹è¨“æ©Ÿå¸«è¶£èéŒ„â€” å‚³èªªä¸­çš„å¥‡è¹Ÿé™è½,https://flyfttw.com/%e5%9f%b9%e8%a8%93%e6%a9%9f%e5%b8%ab%e8%b6%a3%e8%81%9e%e9%8c%84-%e5%82%b3%e8%aa%aa%e4%b8%ad%e7%9a%84%e5%a5%87%e8%b9%9f%e9%99%8d%e8%90%bd/,False
å¤§è§£æƒ‘â€” è£œç¿’æœƒå½±éŸ¿æ©Ÿå¸«è€ƒè©¦å—ï¼Ÿ,https://flyfttw.com/%e5%a4%a7%e8%a7%a3%e6%83%91%ef%bc%9a%e8%a3%9c%e7%bf%92%e6%9c%83%e5%bd%b1%e9%9f%bf%e6%a9%9f%e5%b8%ab%e8%80%83%e8%a9%a6%e5%97%8e%ef%bc%9f/,False
æ©Ÿå¸«è€ƒç”Ÿæœ€æƒ³å•æ•™å®˜çš„å•é¡Œ,https://flyfttw.com/%e6%a9%9f%e5%b8%ab%e8%80%83%e7%94%9f%e6%9c%80%e6%83%b3%e5%95%8f%e6%95%99%e5%ae%98%e7%9a%84%e5%95%8f%e9%a1%8c/,False
åŸ¹è¨“æ©Ÿå¸«å°çŸ¥è­˜â€” è¥Ÿç¿¼ vs æ“¾æµæ¿,https://flyfttw.com/%e5%9f%b9%e8%a8%93%e6%a9%9f%e5%b8%ab%e5%b0%8f%e7%9f%a5%e8%ad%98-%e8%a5%9f%e7%bf%bc-vs-%e6%93%be%e6%b5%81%e6%9d%bf/,False
åŸ¹è¨“æ©Ÿå¸«å°çŸ¥è­˜â€” ç‡ƒæ²¹æ´©æ”¾è£ç½®,https://flyfttw.com/%e5%9f%b9%e8%a8%93%e6%a9%9f%e5%b8%ab%e5%b0%8f%e7%9f%a5%e8%ad%98-%e7%87%83%e6%b2%b9%e6%b4%a9%e6%94%be%e8%a3%9d%e7%bd%ae/,False
åŸ¹è¨“æ©Ÿå¸«å¥½åº·â€” æ©Ÿå¸«æ¨è–¦æ›¸å–®&è‹±æ–‡è³‡æºåˆ†äº«,https://flyfttw.com/%e5%9f%b9%e8%a8%93%e6%a9%9f%e5%b8%ab%e5%a5%bd%e5%ba%b7-%e6%a9%9f%e5%b8%ab%e6%8e%a8%e8%96%a6%e6%9b%b8%e5%96%ae%e8%8b%b1%e6%96%87%e8%b3%87%e6%ba%90%e5%88%86%e4%ba%ab/,False
Youtuberæ©Ÿå¸« Captain Joeâ€” èƒ½ä¸èƒ½è®“ä¹˜å®¢ç¨è‡ªé™è½é£›æ©Ÿï¼Ÿ,https://flyfttw.com/youtuber%e6%a9%9f%e5%b8%ab-captain-joe-%e8%83%bd%e4%b8%8d%e8%83%bd%e8%ae%93%e4%b9%98%e5%ae%a2%e7%8d%a8%e8%87%aa%e9%99%8d%e8%90%bd%e9%a3%9b%e6%a9%9f%ef%bc%9f/,False
åŸ¹è¨“è€ƒè©¦å¿…çŸ¥â€” æ©Ÿå ´å¤§å°äº‹,https://flyfttw.com/%e5%9f%b9%e8%a8%93%e8%80%83%e8%a9%a6%e5%bf%85%e7%9f%a5-%e6%a9%9f%e5%a0%b4%e5%a4%a7%e5%b0%8f%e4%ba%8b/,False
Briggs & Rileyâ€” ç™»æ©Ÿç®±/è¡Œæç®±æ¨,https://flyfttw.com/briggs-riley-%e7%99%bb%e6%a9%9f%e7%ae%b1-%e8%a1%8c%e6%9d%8e%e7%ae%b1%e6%8e%a8/,False
æ©Ÿå¸«æº–å‚™èˆ‡å ±è€ƒå¿ƒå¾—â€” é•·æ¦®åŸ¹è¨“æ©Ÿå¸«å­¸é•·è€ƒè©¦æˆ°è¨˜,https://flyfttw.com/%e6%a9%9f%e5%b8%ab%e6%ba%96%e5%82%99%e8%88%87%e5%a0%b1%e8%80%83%e5%bf%83%e5%be%97-%e9%95%b7%e6%a6%ae%e5%9f%b9%e8%a8%93%e6%a9%9f%e5%b8%ab%e5%ad%b8%e9%95%b7%e8%80%83%e8%a9%a6%e6%88%b0%e8%a8%98/,False
åŸ¹è¨“æ©Ÿå¸«å¿…çŸ¥â€” èµ·è½æ¶åŠŸèƒ½èˆ‡ç¨®é¡,https://flyfttw.com/%e5%9f%b9%e8%a8%93%e6%a9%9f%e5%b8%ab%e5%bf%85%e7%9f%a5-%e8%b5%b7%e8%90%bd%e6%9e%b6%e5%8a%9f%e8%83%bd%e8%88%87%e7%a8%ae%e9%a1%9e/,False
æ©Ÿå¸«è€ƒè©¦å°åŠ åˆ†â€” ç©ºè»ä¸€è™Ÿçš„æ•…äº‹,https://flyfttw.com/%e6%a9%9f%e5%b8%ab%e8%80%83%e8%a9%a6%e5%b0%8f%e5%8a%a0%e5%88%86-%e7%a9%ba%e8%bb%8d%e4%b8%80%e8%99%9f%e7%9a%84%e6%95%85%e4%ba%8b/,False
åœ¨å°ç£æˆç‚ºæ°‘èˆªæ©Ÿå¸«çš„é€”å¾‘ã€è²»ç”¨ã€æ™‚é–“,https://flyfttw.com/%e5%9c%a8%e5%8f%b0%e7%81%a3%e6%88%90%e7%82%ba%e6%b0%91%e8%88%aa%e6%a9%9f%e5%b8%ab%e7%9a%84%e9%80%94%e5%be%91%e3%80%81%e8%b2%bb%e7%94%a8%e3%80%81%e6%99%82%e9%96%93/,False
åŸ¹è¨“å¿…çŸ¥â€” é£›è¡Œè­‰ç…§æœ‰å“ªäº›,https://flyfttw.com/%e5%9f%b9%e8%a8%93%e5%bf%85%e7%9f%a5-%e9%a3%9b%e8%a1%8c%e8%ad%89%e7%85%a7%e6%9c%89%e5%93%aa%e4%ba%9b/,False
é•·æ¦®747å…§è£å¤§æ­å¯†æš¨é€€å½¹å½±ç‰‡,https://flyfttw.com/%e9%95%b7%e6%a6%ae747%e5%85%a7%e8%a3%9d%e5%a4%a7%e6%8f%ad%e5%af%86%e6%9a%a8%e9%80%80%e5%bd%b9%e5%bd%b1%e7%89%87/,False
åœ‹å…§å¤–é£›è¡Œå“¡è–ªè³‡ç¦åˆ©å¤§æ¯”æ‹š,https://flyfttw.com/%e5%9c%8b%e5%85%a7%e5%a4%96%e9%a3%9b%e8%a1%8c%e5%93%a1%e8%96%aa%e8%b3%87%e7%a6%8f%e5%88%a9%e5%a4%a7%e6%af%94%e6%8b%9a/,False
åŸ¹è¨“æ©Ÿå¸«è€ƒè©¦é–€æª»â€” è‹±æ–‡æª¢å®šæœ‰å“ªäº›ï¼Ÿ,https://flyfttw.com/%e5%9f%b9%e8%a8%93%e6%a9%9f%e5%b8%ab%e8%80%83%e8%a9%a6%e9%96%80%e6%aa%bb-%e8%8b%b1%e6%96%87%e6%aa%a2%e5%ae%9a%e6%9c%89%e5%93%aa%e4%ba%9b%ef%bc%9f/,False
åŸ¹è¨“æ©Ÿå¸«å¿…çŸ¥â€” é£›è¡Œç§‘ç›®ä»‹ç´¹,https://flyfttw.com/%e5%9f%b9%e8%a8%93%e6%a9%9f%e5%b8%ab%e5%bf%85%e7%9f%a5-%e9%a3%9b%e8%a1%8c%e7%a7%91%e7%9b%ae%e4%bb%8b%e7%b4%b9/,False
FTTWèˆªç©ºçŸ¥è­˜â€” é¢¨å‘èˆ‡é¢¨é€Ÿæ¸¬é‡,https://flyfttw.com/fttw%e8%88%aa%e7%a9%ba%e7%9f%a5%e8%ad%98-%e9%a2%a8%e5%90%91%e8%88%87%e9%a2%a8%e9%80%9f%e6%b8%ac%e9%87%8f/,False
FTTWåŸ¹è¨“ Då­¸é•·è€ƒå–ç¶“é©—è«‡,https://flyfttw.com/fttw%e5%9f%b9%e8%a8%93-d%e5%ad%b8%e9%95%b7%e8%80%83%e5%8f%96%e7%b6%93%e9%a9%97%e8%ab%87/,False
åŸ¹è¨“æ©Ÿå¸«å†·çŸ¥è­˜â€” ç™½åŠªåŠ›å®šå¾‹ï¼Œä½ ç¢ºå®šï¼Ÿ,https://flyfttw.com/%e5%9f%b9%e8%a8%93%e6%a9%9f%e5%b8%ab%e5%86%b7%e7%9f%a5%e8%ad%98-%e7%99%bd%e5%8a%aa%e5%8a%9b%e5%ae%9a%e5%be%8b%ef%bc%8c%e4%bd%a0%e7%a2%ba%e5%ae%9a%ef%bc%9f/,False
2024æœ€æ–°ï¼è¶…å®Œæ•´æ©Ÿå¸«è‹±æ–‡é–€æª»&æº–å‚™æŠ€å·§,https://flyfttw.com/2024%e6%9c%80%e6%96%b0%e8%b6%85%e5%ae%8c%e6%95%b4%e6%a9%9f%e5%b8%ab%e8%8b%b1%e6%96%87%e9%96%80%e6%aa%bb%e6%ba%96%e5%82%99%e6%8a%80%e5%b7%a7/,False
åŸ¹è¨“æ©Ÿå¸«å†·çŸ¥è­˜â€” é£›æ©Ÿçª—æˆ¶çš„å°çŸ¥è­˜,https://flyfttw.com/%e5%9f%b9%e8%a8%93%e6%a9%9f%e5%b8%ab%e5%86%b7%e7%9f%a5%e8%ad%98-%e9%a3%9b%e6%a9%9f%e7%aa%97%e6%88%b6%e7%9a%84%e5%b0%8f%e7%9f%a5%e8%ad%98/,False
åŸ¹è¨“æ©Ÿå¸«ç¬¬ä¸€èª²â€” èˆªç©ºäººå¿…å‚™æŠ€èƒ½CRM,https://flyfttw.com/%e5%9f%b9%e8%a8%93%e6%a9%9f%e5%b8%ab%e7%ac%ac%e4%b8%80%e8%aa%b2-%e8%88%aa%e7%a9%ba%e4%ba%ba%e5%bf%85%e5%82%99%e6%8a%80%e8%83%bdcrm/,False
ç–«æƒ…æœƒå°æ©Ÿå¸«æ‹›å‹Ÿé€ æˆå½±éŸ¿å—â€” æ©Ÿæœƒæ°¸é ç•™çµ¦æº–å‚™å¥½çš„äºº,https://flyfttw.com/%e7%96%ab%e6%83%85%e6%9c%83%e5%b0%8d%e6%a9%9f%e5%b8%ab%e6%8b%9b%e5%8b%9f%e9%80%a0%e6%88%90%e5%bd%b1%e9%9f%bf%e5%97%8e%ef%bc%8d%e6%a9%9f%e6%9c%83%e6%b0%b8%e9%81%a0%e7%95%99%e7%b5%a6%e6%ba%96%e5%82%99/,False
åŸ¹è¨“æ©Ÿå¸«å†·çŸ¥è­˜â€” æ©Ÿå°¾ç´Šæµï¼Œæƒ¡åæ˜­å½°çš„éš±å½¢æ®ºæ‰‹,https://flyfttw.com/%e5%9f%b9%e8%a8%93%e6%a9%9f%e5%b8%ab%e5%86%b7%e7%9f%a5%e8%ad%98-%e6%a9%9f%e5%b0%be%e7%b4%8a%e6%b5%81%ef%bc%8c%e6%83%a1%e5%90%8d%e6%98%ad%e5%bd%b0%e7%9a%84%e9%9a%b1%e5%bd%a2%e6%ae%ba%e6%89%8b/,False
åŸ¹è¨“æ©Ÿå¸«å°ç§˜è¨£â€” é¢è©¦æœè£æ€éº¼ç©¿,https://flyfttw.com/%e5%9f%b9%e8%a8%93%e6%a9%9f%e5%b8%ab%e5%b0%8f%e7%a7%98%e8%a8%a3-%e9%9d%a2%e8%a9%a6%e6%9c%8d%e8%a3%9d%e6%80%8e%e9%ba%bc%e7%a9%bf/,False
åŸ¹è¨“æ©Ÿå¸«å°çŸ¥è­˜â€” å´é¢¨è‘—é™¸,https://flyfttw.com/%e5%9f%b9%e8%a8%93%e6%a9%9f%e5%b8%ab%e5%b0%8f%e7%9f%a5%e8%ad%98-%e5%81%b4%e9%a2%a8%e8%91%97%e9%99%b8/,False
åŸ¹è¨“æ©Ÿå¸«å°çŸ¥è­˜â€” ç‚ºä»€éº¼é§•é§›è‰™å…§è¦æœ‰å…©å€‹äººï¼Ÿ,https://flyfttw.com/%e5%9f%b9%e8%a8%93%e6%a9%9f%e5%b8%ab%e5%b0%8f%e7%9f%a5%e8%ad%98-%e7%82%ba%e4%bb%80%e9%ba%bc%e9%a7%95%e9%a7%9b%e8%89%99%e5%85%a7%e8%a6%81%e6%9c%89%e5%85%a9%e5%80%8b%e4%ba%ba%ef%bc%9f/,False
åŸ¹è¨“æ©Ÿå¸«å†·çŸ¥è­˜â€” é–‹é£›æ©Ÿä¸ç”¨é‘°åŒ™ï¼Ÿ,https://flyfttw.com/%e5%9f%b9%e8%a8%93%e6%a9%9f%e5%b8%ab%e5%86%b7%e7%9f%a5%e8%ad%98-%e9%96%8b%e9%a3%9b%e6%a9%9f%e4%b8%8d%e7%94%a8%e9%91%b0%e5%8c%99%ef%bc%9f/,False
åŸ¹è¨“æ©Ÿå¸«å°çŸ¥è­˜â€” ç•¶èµ·è½æ¶æ•…éšœæ™‚ï¼Œé£›æ©Ÿå¦‚ä½•å®‰å…¨è‘—é™¸ï¼Ÿ,https://flyfttw.com/%e5%9f%b9%e8%a8%93%e6%a9%9f%e5%b8%ab%e5%b0%8f%e7%9f%a5%e8%ad%98-%e7%95%b6%e8%b5%b7%e8%90%bd%e6%9e%b6%e6%95%85%e9%9a%9c%e6%99%82%ef%bc%8c%e9%a3%9b%e6%a9%9f%e5%a6%82%e4%bd%95%e5%ae%89%e5%85%a8/,False
è€ƒå‰é ˆçŸ¥â€” æ©Ÿå¸«è€ƒè©¦äº”å¤§å¿…å‹æº–å‚™é‡é»,https://flyfttw.com/%e8%80%83%e5%89%8d%e9%a0%88%e7%9f%a5%ef%bc%8d%e6%a9%9f%e5%b8%ab%e8%80%83%e8%a9%a6%e4%ba%94%e5%a4%a7%e5%bf%85%e5%8b%9d%e6%ba%96%e5%82%99%e9%87%8d%e9%bb%9e/,False
åŸ¹è¨“æ©Ÿå¸«å°çŸ¥è­˜â€” IATAã€ICAOã€å‘¼è™Ÿæœ‰ä»€éº¼ä¸åŒï¼Ÿ,https://flyfttw.com/%e5%9f%b9%e8%a8%93%e6%a9%9f%e5%b8%ab%e5%b0%8f%e7%9f%a5%e8%ad%98-iata%e3%80%81icao%e3%80%81%e5%91%bc%e8%99%9f%e6%9c%89%e4%bb%80%e9%ba%bc%e4%b8%8d%e5%90%8c%ef%bc%9f/,False
åŸ¹è¨“æ©Ÿå¸«å†·çŸ¥è­˜â€” é£›æ©Ÿçš„é›»åŠ›å“ªè£¡ä¾†ï¼Ÿ,https://flyfttw.com/%e5%9f%b9%e8%a8%93%e6%a9%9f%e5%b8%ab%e5%86%b7%e7%9f%a5%e8%ad%98-%e9%a3%9b%e6%a9%9f%e7%9a%84%e9%9b%bb%e5%8a%9b%e5%93%aa%e8%a3%a1%e4%be%86%ef%bc%9f/,False
FTTWåˆ†äº«â€” èª°èªªå¥³ç”Ÿä¸èƒ½ç•¶æ©Ÿå¸«ï¼Ÿ,https://flyfttw.com/fttw%e5%88%86%e4%ba%ab%ef%bc%8d%e8%aa%b0%e8%aa%aa%e5%a5%b3%e7%94%9f%e4%b8%8d%e8%83%bd%e7%95%b6%e6%a9%9f%e5%b8%ab%ef%bc%9f/,False
åŸ¹è¨“æ©Ÿå¸«å°çŸ¥è­˜â€” é£›æ©Ÿèƒ½é£›å¤šé«˜ã€æ˜¯æ€éº¼æ±ºå®šçš„ï¼Ÿ,https://flyfttw.com/%e5%9f%b9%e8%a8%93%e6%a9%9f%e5%b8%ab%e5%b0%8f%e7%9f%a5%e8%ad%98-%e9%a3%9b%e6%a9%9f%e8%83%bd%e9%a3%9b%e5%a4%9a%e9%ab%98%e3%80%81%e6%98%af%e6%80%8e%e9%ba%bc%e6%b1%ba%e5%ae%9a%e7%9a%84%ef%bc%9f/,False
æ©Ÿå¸«è€ƒè©¦å¿…çŸ¥â€” è€ƒæ©Ÿå¸«æ‰€éœ€è¦çš„è¦–åŠ›æ¢ä»¶ï¼Ÿ,https://flyfttw.com/%e6%a9%9f%e5%b8%ab%e8%80%83%e8%a9%a6%e5%bf%85%e7%9f%a5%ef%bc%9a%e8%80%83%e6%a9%9f%e5%b8%ab%e6%89%80%e9%9c%80%e8%a6%81%e7%9a%84%e8%a6%96%e5%8a%9b%e6%a2%9d%e4%bb%b6%ef%bc%9f/,False
åŸ¹è¨“æ©Ÿå¸«å¿…çŸ¥â€” å ±è€ƒæ©Ÿå¸«çš„åŠ åˆ†ç§˜ç¬ˆï¼,https://flyfttw.com/%e5%9f%b9%e8%a8%93%e6%a9%9f%e5%b8%ab%e5%bf%85%e7%9f%a5%ef%bc%8d%e5%a0%b1%e8%80%83%e6%a9%9f%e5%b8%ab%e7%9a%84%e5%8a%a0%e5%88%86%e7%a7%98%e7%ac%88%ef%bc%81/,False
FTTWåˆ†äº«â€” ç–«æƒ…è¡æ“Šä¹‹ä¸‹ï¼Œèˆªç©ºå…¬å¸å¦‚ä½•è½‰å‹ï¼Ÿ,https://flyfttw.com/fttw%e5%88%86%e4%ba%ab%ef%bc%8d%e7%96%ab%e6%83%85%e8%a1%9d%e6%93%8a%e4%b9%8b%e4%b8%8b%ef%bc%8c%e8%88%aa%e7%a9%ba%e5%85%ac%e5%8f%b8%e5%a6%82%e4%bd%95%e8%bd%89%e5%9e%8b%ef%bc%9f/,False
åŸ¹è¨“æ©Ÿå¸«å°çŸ¥è­˜â€” é£›æ©Ÿæœ‰æ²’æœ‰é›¨åˆ·ï¼Ÿ,https://flyfttw.com/%e5%9f%b9%e8%a8%93%e6%a9%9f%e5%b8%ab%e5%b0%8f%e7%9f%a5%e8%ad%98-%e9%a3%9b%e6%a9%9f%e6%9c%89%e6%b2%92%e6%9c%89%e9%9b%a8%e5%88%b7%ef%bc%9f/,False
åŸ¹è¨“æ©Ÿå¸«å°çŸ¥è­˜â€” é£›è¡Œæ™‚é‡åˆ°äº‚æµæ€éº¼è¾¦ï¼Ÿ,https://flyfttw.com/%e5%9f%b9%e8%a8%93%e6%a9%9f%e5%b8%ab%e5%b0%8f%e7%9f%a5%e8%ad%98-%e9%a3%9b%e8%a1%8c%e6%99%82%e9%81%87%e5%88%b0%e4%ba%82%e6%b5%81%e6%80%8e%e9%ba%bc%e8%be%a6%ef%bc%9f/,False
åŸ¹è¨“æ©Ÿå¸«å°çŸ¥è­˜â€” é£›æ©Ÿæ©Ÿé¼»çš„ä½œç”¨ï¼Ÿ,https://flyfttw.com/%e5%9f%b9%e8%a8%93%e6%a9%9f%e5%b8%ab%e5%b0%8f%e7%9f%a5%e8%ad%98-%e9%a3%9b%e6%a9%9f%e6%a9%9f%e9%bc%bb%e7%9a%84%e4%bd%9c%e7%94%a8%ef%bc%9f/,False
è€ƒè©¦å°å¹«æ‰‹â€” èˆªç©ºè¿·å¿…å‚™APP,https://flyfttw.com/%e8%80%83%e8%a9%a6%e5%b0%8f%e5%b9%ab%e6%89%8b%ef%bc%8d%e8%88%aa%e7%a9%ba%e8%bf%b7%e5%bf%85%e5%82%99app/,False
å…ˆå·¥ä½œï¼Œå†ä¾†ç•¶æ©Ÿå¸«ï¼,https://flyfttw.com/%e5%85%88%e5%b7%a5%e4%bd%9c%ef%bc%8c%e5%86%8d%e4%be%86%e7%95%b6%e6%a9%9f%e5%b8%ab%ef%bc%81/,False
FTTWä½ˆå‘Šæ¬„â€” å¤¢æƒ³çš„èµ·é£›ï¼Œä¾†è‡ªç´®å¯¦çš„è¿½å°‹,https://flyfttw.com/fttw%e4%bd%88%e5%91%8a%e6%ac%84%ef%bc%8d%e5%a4%a2%e6%83%b3%e7%9a%84%e8%b5%b7%e9%a3%9b%ef%bc%8c%e4%be%86%e8%87%aa%e7%b4%ae%e5%af%a6%e7%9a%84%e8%bf%bd%e5%b0%8b/,False
åŸ¹è¨“æ©Ÿå¸«å°çŸ¥è­˜â€” é£›æ©Ÿçš„å…­ç¨®é«˜åº¦,https://flyfttw.com/%e5%9f%b9%e8%a8%93%e6%a9%9f%e5%b8%ab%e5%b0%8f%e7%9f%a5%e8%ad%98-%e9%a3%9b%e6%a9%9f%e7%9a%84%e5%85%ad%e7%a8%ae%e9%ab%98%e5%ba%a6/,False
å­¸é•·çµ¦å­¸å¼Ÿå¦¹å€‘çš„ä¸€ å°ä¿¡â€” ç‚ºä½•èªªéŒ„å–å¾ŒæŒ‘æˆ°æ‰é–‹å§‹ï¼Ÿ,https://flyfttw.com/%e5%ad%b8%e9%95%b7%e7%b5%a6%e5%ad%b8%e5%bc%9f%e5%a6%b9%e5%80%91%e7%9a%84%e4%b8%80%e5%b0%81%e4%bf%a1%ef%bc%9a%e7%82%ba%e4%bd%95%e8%aa%aa%e9%8c%84%e5%8f%96%e5%be%8c%e6%8c%91%e6%88%b0%e6%89%8d%e9%96%8b/,False
FTTW X Podcastç¯€ç›®ä¸Šç·šå•¦ï¼ğŸ’¥,https://flyfttw.com/fttw-x-podcast%e7%af%80%e7%9b%ae%e4%b8%8a%e7%b7%9a%e5%95%a6%ef%bc%81%f0%9f%92%a5/,False
åŸ¹è¨“æ©Ÿå¸«å°çŸ¥è­˜â€” ã€Œèˆªç©ºç•Œçš„æŸ¯åŸºã€æ³¢éŸ³737ç³»åˆ—,https://flyfttw.com/%e5%9f%b9%e8%a8%93%e6%a9%9f%e5%b8%ab%e5%b0%8f%e7%9f%a5%e8%ad%98-%e3%80%8c%e8%88%aa%e7%a9%ba%e7%95%8c%e7%9a%84%e6%9f%af%e5%9f%ba%e3%80%8d%ef%bc%9a%e6%b3%a2%e9%9f%b3737%e7%b3%bb%e5%88%97/,False
æ•™å®˜ä¾†åˆ†äº«â€” ç©¿è¶Šé›²å±¤è¬é‡Œçš„è¾¦å…¬å®¤,https://flyfttw.com/%e6%95%99%e5%ae%98%e4%be%86%e5%88%86%e4%ba%ab%ef%bc%8d%e7%a9%bf%e8%b6%8a%e9%9b%b2%e5%b1%a4%e8%90%ac%e9%87%8c%e7%9a%84%e8%be%a6%e5%85%ac%e5%ae%a4/,False
åŸ¹è¨“æ©Ÿå¸«å°è¶£èâ€” ç¼ºå¤±çš„æ©Ÿå ´æ‡‰æ€¥ç³»çµ±,https://flyfttw.com/%e5%9f%b9%e8%a8%93%e6%a9%9f%e5%b8%ab%e5%b0%8f%e8%b6%a3%e8%81%9e-%e7%bc%ba%e5%a4%b1%e7%9a%84%e6%a9%9f%e5%a0%b4%e6%87%89%e6%80%a5%e7%b3%bb%e7%b5%b1/,False
åŸ¹è¨“è€ƒè©¦å¿…çŸ¥â€” å¸¸è¦‹çš„å—è¨“ç”Ÿæ´»Q&A,https://flyfttw.com/%e5%9f%b9%e8%a8%93%e8%80%83%e8%a9%a6%e5%bf%85%e7%9f%a5%ef%bc%8d%e5%b8%b8%e8%a6%8b%e7%9a%84%e5%8f%97%e8%a8%93%e7%94%9f%e6%b4%bbqa/,False
èˆªç©ºå†·çŸ¥è­˜â€” ä¸èªªä¸çŸ¥é“çš„æœ‰è¶£å°å¸¸è­˜,https://flyfttw.com/%e8%88%aa%e7%a9%ba%e5%86%b7%e7%9f%a5%e8%ad%98-%e4%b8%8d%e8%aa%aa%e4%b8%8d%e7%9f%a5%e9%81%93%e7%9a%84%e6%9c%89%e8%b6%a3%e5%b0%8f%e5%b8%b8%e8%ad%98/,False
åŸ¹è¨“æ©Ÿå¸«å°çŸ¥è­˜â€” é£›è¡Œå¿…å­¸ å¼•æ“å¤±æ•ˆå¦‚ä½•è™•ç†ï¼Ÿ,https://flyfttw.com/%e5%9f%b9%e8%a8%93%e6%a9%9f%e5%b8%ab%e5%b0%8f%e7%9f%a5%e8%ad%98-%e9%a3%9b%e8%a1%8c%e5%bf%85%e5%ad%b8%ef%bc%9a%e5%bc%95%e6%93%8e%e5%a4%b1%e6%95%88%e5%a6%82%e4%bd%95%e8%99%95%e7%90%86%ef%bc%9f/,False
åŸ¹è¨“æ©Ÿå¸«å°çŸ¥è­˜â€” é£›æ©Ÿè¼ªèƒæœ‰å¤šè€ç”¨ï¼Ÿ,https://flyfttw.com/%e5%9f%b9%e8%a8%93%e6%a9%9f%e5%b8%ab%e5%b0%8f%e7%9f%a5%e8%ad%98-%e9%a3%9b%e6%a9%9f%e8%bc%aa%e8%83%8e%e6%9c%89%e5%a4%9a%e8%80%90%e7%94%a8%ef%bc%9f/,False
èˆªç©ºçŸ¥è­˜å°å­¸å ‚â€” Traffic pattern äº”é‚Šé£›è¡Œä»‹ç´¹,https://flyfttw.com/%e8%88%aa%e7%a9%ba%e7%9f%a5%e8%ad%98%e5%b0%8f%e5%ad%b8%e5%a0%82-traffic-pattern-%e4%ba%94%e9%82%8a%e9%a3%9b%e8%a1%8c%e4%bb%8b%e7%b4%b9/,False
åŸ¹è¨“æ©Ÿå¸«å°çŸ¥è­˜â€” ä½ çŸ¥é“ä»€éº¼æ˜¯æµ·è±šè·³å—ï¼Ÿ,https://flyfttw.com/%e5%9f%b9%e8%a8%93%e6%a9%9f%e5%b8%ab%e5%b0%8f%e7%9f%a5%e8%ad%98-%e4%bd%a0%e7%9f%a5%e9%81%93%e4%bb%80%e9%ba%bc%e6%98%af%e6%b5%b7%e8%b1%9a%e8%b7%b3%e5%97%8e%ef%bc%9f/,False
2021å­¸é•·å§ä¾†åˆ†äº«â€” é•·æ¦®å—è¨“ç¶“é©—è«‡,https://flyfttw.com/2021%e5%ad%b8%e9%95%b7%e5%a7%90%e4%be%86%e5%88%86%e4%ba%ab-%e9%95%b7%e6%a6%ae%e5%8f%97%e8%a8%93%e7%b6%93%e9%a9%97%e8%ab%87/,False
åŸ¹è¨“æ©Ÿå¸«å†·çŸ¥è­˜â€” é£›æ©Ÿä¹Ÿå¯ä»¥å€’è»Šå—ï¼Ÿ,https://flyfttw.com/%e5%9f%b9%e8%a8%93%e6%a9%9f%e5%b8%ab%e5%86%b7%e7%9f%a5%e8%ad%98-%e9%a3%9b%e6%a9%9f%e4%b9%9f%e5%8f%af%e4%bb%a5%e5%80%92%e8%bb%8a%e5%97%8e%ef%bc%9f/,False
èˆªç©ºå†·çŸ¥è­˜â€” é£›æ©Ÿçš„èº«ä»½è­‰,https://flyfttw.com/%e8%88%aa%e7%a9%ba%e5%86%b7%e7%9f%a5%e8%ad%98-%e9%a3%9b%e6%a9%9f%e7%9a%84%e8%ba%ab%e4%bb%bd%e8%ad%89/,False
èˆªç©ºå°å¸¸è­˜â€” ä»€éº¼æ˜¯å¤±é€Ÿï¼Ÿ,https://flyfttw.com/%e8%88%aa%e7%a9%ba%e5%b0%8f%e5%b8%b8%e8%ad%98-%e4%bb%80%e9%ba%bc%e6%98%af%e5%a4%b1%e9%80%9f%ef%bc%9f/,False
èˆªç©ºå°çŸ¥è­˜â€” Glass Cockpit é§•é§›è‰™,https://flyfttw.com/%e8%88%aa%e7%a9%ba%e5%b0%8f%e7%9f%a5%e8%ad%98-glass-cockpit-%e9%a7%95%e9%a7%9b%e8%89%99/,False
èˆªç©ºå°çŸ¥è­˜â€” å¦‚ä½•é é˜²ç©ºä¸­ç›¸æ’ ï¼Ÿ,https://flyfttw.com/%e8%88%aa%e7%a9%ba%e5%b0%8f%e7%9f%a5%e8%ad%98-%e5%a6%82%e4%bd%95%e9%a0%90%e9%98%b2%e7%a9%ba%e4%b8%ad%e7%9b%b8%e6%92%9e-%ef%bc%9f/,False
åŸ¹è¨“æ©Ÿå¸«å†·çŸ¥è­˜â€” é£›æ©Ÿæœ‰å–‡å­å—,https://flyfttw.com/%e5%9f%b9%e8%a8%93%e6%a9%9f%e5%b8%ab%e5%86%b7%e7%9f%a5%e8%ad%98-%e9%a3%9b%e6%a9%9f%e6%9c%89%e5%96%87%e5%8f%ad%e5%97%8e/,False
æ©Ÿå¸«è€ƒè©¦å°çŸ¥è­˜â€” é£›æ©Ÿé›²çš„æ§‹æˆ,https://flyfttw.com/%e6%a9%9f%e5%b8%ab%e8%80%83%e8%a9%a6%e5%b0%8f%e7%9f%a5%e8%ad%98-%e9%a3%9b%e6%a9%9f%e9%9b%b2%e7%9a%84%e6%a7%8b%e6%88%90/,False
é£›è¡Œç¶“é©—è«‡â€” é‚£äº›å¹´åœ¨åœ‹å¤–ç™¼ç”Ÿéçš„é£›å®‰å•é¡Œ,https://flyfttw.com/%e9%a3%9b%e8%a1%8c%e7%b6%93%e9%a9%97%e8%ab%87-%e9%82%a3%e4%ba%9b%e5%b9%b4%e5%9c%a8%e5%9c%8b%e5%a4%96%e7%99%bc%e7%94%9f%e9%81%8e%e7%9a%84%e9%a3%9b%e5%ae%89%e5%95%8f%e9%a1%8c/,False
èˆªç©ºå°çŸ¥è­˜â€” ä»€éº¼ï¼Ÿç«å±±çˆ†ç™¼æœƒå½±éŸ¿é£›è¡Œå®‰å…¨ï¼ï¼Ÿ,https://flyfttw.com/%e8%88%aa%e7%a9%ba%e5%b0%8f%e7%9f%a5%e8%ad%98-%e4%bb%80%e9%ba%bc%ef%bc%9f%e7%81%ab%e5%b1%b1%e7%88%86%e7%99%bc%e6%9c%83%e5%bd%b1%e9%9f%bf%e9%a3%9b%e8%a1%8c%e5%ae%89%e5%85%a8%ef%bc%81%ef%bc%9f/,False
èˆªç©ºå°çŸ¥è­˜â€” åŸä¾†éƒ½æ˜¯å£“åŠ›æçš„é¬¼,https://flyfttw.com/%e8%88%aa%e7%a9%ba%e5%b0%8f%e7%9f%a5%e8%ad%98-%e5%8e%9f%e4%be%86%e9%83%bd%e6%98%af%e5%a3%93%e5%8a%9b%e6%90%9e%e7%9a%84%e9%ac%bc/,False
å­¸é•·å§ä¾†åˆ†äº«â€” æˆ‘çš„è‡ªè¨“å­¸é£›æ—…ç¨‹,https://flyfttw.com/%e5%ad%b8%e9%95%b7%e5%a7%90%e4%be%86%e5%88%86%e4%ba%ab-%e6%88%91%e7%9a%84%e8%87%aa%e8%a8%93%e5%ad%b8%e9%a3%9b%e6%97%85%e7%a8%8b/,False
èˆªç©ºå°çŸ¥è­˜â€” é£›æ©Ÿèµ·é£›å‰ï¼Œç‚ºä»€éº¼æœƒæœ‰äººåœ¨çª—å¤–è·Ÿæˆ‘å€‘æ®æ‰‹ï¼Ÿ,https://flyfttw.com/%e8%88%aa%e7%a9%ba%e5%b0%8f%e7%9f%a5%e8%ad%98-%e9%a3%9b%e6%a9%9f%e8%b5%b7%e9%a3%9b%e5%89%8d%ef%bc%8c%e7%82%ba%e4%bb%80%e9%ba%bc%e6%9c%83%e6%9c%89%e4%ba%ba%e5%9c%a8%e7%aa%97%e5%a4%96%e8%b7%9f/,False
èˆªç©ºå°çŸ¥è­˜â€” åœ¨é£›æ©Ÿä¸Šé‡åˆ°äº‚æµè©²æ€éº¼è¾¦å‘¢ï¼Ÿ,https://flyfttw.com/%e8%88%aa%e7%a9%ba%e5%b0%8f%e7%9f%a5%e8%ad%98%ef%bc%9a%e5%9c%a8%e9%a3%9b%e6%a9%9f%e4%b8%8a%e9%81%87%e5%88%b0%e4%ba%82%e6%b5%81%e8%a9%b2%e6%80%8e%e9%ba%bc%e8%be%a6%e5%91%a2%ef%bc%9f/,False
èˆªç©ºå°çŸ¥è­˜â€” æ©Ÿç¥¨ä¸Šçš„ç¥ç¥•ä»£ç¢¼,https://flyfttw.com/%e8%88%aa%e7%a9%ba%e5%b0%8f%e7%9f%a5%e8%ad%98-%e6%a9%9f%e7%a5%a8%e4%b8%8a%e7%9a%84%e7%a5%9e%e7%a5%95%e4%bb%a3%e7%a2%bc/,False
2022ç«‹æ¦®åŸ¹è¨“æ©Ÿå¸«æ‡¶äººåŒ…,https://flyfttw.com/2022%e7%ab%8b%e6%a6%ae%e5%9f%b9%e8%a8%93%e6%a9%9f%e5%b8%ab%e6%87%b6%e4%ba%ba%e5%8c%85/,False
å¯¦ç”¨èˆªç©ºçŸ¥è­˜å°å­¸å ‚- çœ‹Top gun 2å¿…é ˆçŸ¥é“çš„å°ˆæœ‰åè©,https://flyfttw.com/%e5%af%a6%e7%94%a8%e8%88%aa%e7%a9%ba%e7%9f%a5%e8%ad%98%e5%b0%8f%e5%ad%b8%e5%a0%82-%e7%9c%8btop-gun-2%e5%bf%85%e9%a0%88%e7%9f%a5%e9%81%93%e7%9a%84%e5%b0%88%e6%9c%89%e5%90%8d%e8%a9%9e/,False
å¦‚ä½•ç”¨å¤–åœ‹å­¸æ­·å ±è€ƒåŸ¹è¨“æ©Ÿå¸«ï¼Ÿ,https://flyfttw.com/%e5%a6%82%e4%bd%95%e7%94%a8%e5%a4%96%e5%9c%8b%e5%ad%b8%e6%ad%b7%e5%a0%b1%e8%80%83%e5%9f%b9%e8%a8%93%e6%a9%9f%e5%b8%ab%ef%bc%9f/,False
æ©Ÿå¸«è€ƒè©¦å¿…çŸ¥â€” æ©Ÿå¸«è€ƒè©¦è€ƒä»€éº¼? æˆ‘è©²å¦‚ä½•æº–å‚™?,https://flyfttw.com/%e6%a9%9f%e5%b8%ab%e8%80%83%e8%a9%a6%e5%bf%85%e7%9f%a5-%e6%a9%9f%e5%b8%ab%e8%80%83%e8%a9%a6%e8%80%83%e4%bb%80%e9%ba%bc-%e6%88%91%e8%a9%b2%e5%a6%82%e4%bd%95%e6%ba%96%e5%82%99/,False
åŸ¹è¨“æ©Ÿå¸«å…¥é–€â€” å¦‚ä½•å¯«å‡ºäº®çœ¼çš„è‡ªå‚³ï¼Ÿ,https://flyfttw.com/%e5%9f%b9%e8%a8%93%e6%a9%9f%e5%b8%ab%e5%85%a5%e9%96%80-%e5%a6%82%e4%bd%95%e5%af%ab%e5%87%ba%e4%ba%ae%e7%9c%bc%e7%9a%84%e8%87%aa%e5%82%b3%ef%bc%9f/,False
åŸ¹è¨“æ©Ÿå¸«å°å­¸å ‚â‘ â€” é£›æ©Ÿé é€™ä¸‰å¯¶å‰è»Š,https://flyfttw.com/%e5%9f%b9%e8%a8%93%e6%a9%9f%e5%b8%ab%e5%b0%8f%e5%ad%b8%e5%a0%82%e2%91%a0-%e9%a3%9b%e6%a9%9f%e9%9d%a0%e9%80%99%e4%b8%89%e5%af%b6%e5%89%8e%e8%bb%8a/,False
èˆªç©ºæ™‚äº‹æ–°èé›™å‘¨å ± 2022å¹´12æœˆ ä¸Š,https://flyfttw.com/%e8%88%aa%e7%a9%ba%e6%99%82%e4%ba%8b%e6%96%b0%e8%81%9e%e9%9b%99%e5%91%a8%e5%a0%b1-2022%e5%b9%b412%e6%9c%88-%e4%b8%8a/,False
å¡é”èˆªç©ºâ€” æ‹›å‹Ÿè‡ªè²»åŸ¹è¨“æ©Ÿå¸«Â ï¼ˆä¸é™åœ‹ç±ï¼‰Qatar Airways Cadet Pilot Self-funded Program ï¼ˆAll Nationalitiesï¼‰,https://flyfttw.com/%e5%8d%a1%e9%81%94%e8%88%aa%e7%a9%ba-%e6%8b%9b%e5%8b%9f%e8%87%aa%e8%b2%bb%e5%9f%b9%e8%a8%93%e6%a9%9f%e5%b8%ab-%ef%bc%88%e4%b8%8d%e9%99%90%e5%9c%8b%e7%b1%8d%ef%bc%89qatar-airways-cadet-pi/,False
èˆªç©ºæ™‚äº‹æ–°èé›™å‘¨å ± 2022å¹´12æœˆ ä¸‹,https://flyfttw.com/%e8%88%aa%e7%a9%ba%e6%99%82%e4%ba%8b%e6%96%b0%e8%81%9e%e9%9b%99%e5%91%a8%e5%a0%b1-2022%e5%b9%b412%e6%9c%88-%e4%b8%8b/,False
èˆªç©ºæ™‚äº‹æ–°èé›™å‘¨å ± 2023å¹´01æœˆ ä¸Š,https://flyfttw.com/%e8%88%aa%e7%a9%ba%e6%99%82%e4%ba%8b%e6%96%b0%e8%81%9e%e9%9b%99%e5%91%a8%e5%a0%b1-2023%e5%b9%b401%e6%9c%88-%e4%b8%8a/,False
2024æ›´æ–°ï¼å¡é”è‡ªè²»åŸ¹è¨“æ©Ÿå¸«å ±è€ƒæ”»ç•¥è®€é€™ç¯‡å°±å¤ äº†ï¼,https://flyfttw.com/2024%e6%9b%b4%e6%96%b0%e5%8d%a1%e9%81%94%e8%87%aa%e8%b2%bb%e5%9f%b9%e8%a8%93%e6%a9%9f%e5%b8%ab%e5%a0%b1%e8%80%83%e6%94%bb%e7%95%a5%e8%ae%80%e9%80%99%e7%af%87%e5%b0%b1%e5%a4%a0%e4%ba%86/,False
èˆªç©ºæ™‚äº‹æ–°èé›™å‘¨å ± 2023å¹´01æœˆ ä¸‹,https://flyfttw.com/%e8%88%aa%e7%a9%ba%e6%99%82%e4%ba%8b%e6%96%b0%e8%81%9e%e9%9b%99%e5%91%a8%e5%a0%b1-2023%e5%b9%b401%e6%9c%88-%e4%b8%8b/,False
åŸ¹è¨“æ©Ÿå¸«å°å­¸å ‚â‘¡â€” é£›æ©Ÿä¹Ÿæœ‰åˆ†ä¹¾æ¿•,https://flyfttw.com/%e5%9f%b9%e8%a8%93%e6%a9%9f%e5%b8%ab%e5%b0%8f%e5%ad%b8%e5%a0%82%e2%91%a1-%e9%a3%9b%e6%a9%9f%e4%b9%9f%e6%9c%89%e5%88%86%e4%b9%be%e6%bf%95/,False
æ©Ÿå¸«è€ƒè©¦å¤§é ­ç…§æ”»ç•¥â€” å¦‚ä½•åœ¨å®¶ä¿®æ”¹å±¥æ­·ç…§ç‰‡ï¼Ÿ,https://flyfttw.com/%e5%a6%82%e4%bd%95%e5%9c%a8%e5%ae%b6%e4%bf%ae%e6%94%b9%e5%9f%b9%e8%a8%93%e6%a9%9f%e5%b8%ab%e5%a4%a7%e9%a0%ad%e7%85%a7%e5%b1%a5%e6%ad%b7%e7%85%a7%e7%89%87/,False
2024åŸ¹è¨“æ©Ÿå¸«è€ƒè©¦â€” å±¥æ­·è‡ªå‚³æŠ•éæ”»ç•¥,https://flyfttw.com/2024%e5%9f%b9%e8%a8%93%e6%a9%9f%e5%b8%ab%e8%80%83%e8%a9%a6-%e5%b1%a5%e6%ad%b7%e8%87%aa%e5%82%b3%e6%8a%95%e9%81%9e%e6%94%bb%e7%95%a5/,False
èˆªç©ºæ™‚äº‹æ–°èé›™å‘¨å ± 2023å¹´02æœˆ ä¸Š,https://flyfttw.com/%e8%88%aa%e7%a9%ba%e6%99%82%e4%ba%8b%e6%96%b0%e8%81%9e%e9%9b%99%e5%91%a8%e5%a0%b1-2023%e5%b9%b402%e6%9c%88-%e4%b8%8a/,False
ç·šä¸Šæ©Ÿå¸«è¨ªè«‡å¯¦éŒ„ï¼ˆä¸Šï¼‰ â€” é£›è¡Œå“¡ç”Ÿæ´»ç¯‡,https://flyfttw.com/%e7%b7%9a%e4%b8%8a%e6%a9%9f%e5%b8%ab%e8%a8%aa%e8%ab%87%e5%af%a6%e9%8c%84%ef%bc%88%e4%b8%8a%ef%bc%89-%e9%a3%9b%e8%a1%8c%e5%93%a1%e7%94%9f%e6%b4%bb%e7%af%87/,False
ç·šä¸Šæ©Ÿå¸«è¨ªè«‡å¯¦éŒ„ï¼ˆä¸‹ï¼‰ â€” è€ƒè©¦æº–å‚™,https://flyfttw.com/%e7%b7%9a%e4%b8%8a%e6%a9%9f%e5%b8%ab%e8%a8%aa%e8%ab%87%e5%af%a6%e9%8c%84%ef%bc%88%e4%b8%8b%ef%bc%89-%e8%80%83%e8%a9%a6%e6%ba%96%e5%82%99/,False
æ©Ÿå¸«è€ƒè©¦å¿…çŸ¥ï¼šæˆç‚ºé£›è¡Œå“¡çš„ç¬¬ä¸€æ­¥/Q&Aå¤§åˆ†æ,https://flyfttw.com/%e6%88%90%e7%82%ba%e9%a3%9b%e8%a1%8c%e5%93%a1%e7%9a%84%e7%ac%ac%e4%b8%80%e6%ad%a5qa%e5%a4%a7%e5%88%86%e6%9e%90/,False
èˆªç©ºæ™‚äº‹æ–°èé›™å‘¨å ± 2023å¹´02æœˆ ä¸‹,https://flyfttw.com/%e8%88%aa%e7%a9%ba%e6%99%82%e4%ba%8b%e6%96%b0%e8%81%9e%e9%9b%99%e5%91%a8%e5%a0%b1-2023%e5%b9%b402%e6%9c%88-%e4%b8%8b/,False
èˆªç©ºçŸ¥è­˜å°è€ƒï¼Œä½ èƒ½ç­”å°å¹¾é¡Œ,https://flyfttw.com/%e8%88%aa%e7%a9%ba%e7%9f%a5%e8%ad%98%e5%b0%8f%e8%80%83%ef%bc%8c%e4%bd%a0%e8%83%bd%e7%ad%94%e5%b0%8d%e5%b9%be%e9%a1%8c/,False
èˆªç©ºæ™‚äº‹æ–°èé›™å‘¨å ± 2023å¹´03æœˆ ä¸Š,https://flyfttw.com/%e8%88%aa%e7%a9%ba%e6%99%82%e4%ba%8b%e6%96%b0%e8%81%9e%e9%9b%99%e5%91%a8%e5%a0%b1-2023%e5%b9%b403%e6%9c%88-%e4%b8%8a/,False
åŸ¹è¨“æ©Ÿå¸«å°å­¸å ‚â‘¢â€” ç‚ºä»€éº¼æ­é£›æ©Ÿéƒ½æ˜¯ç”±å·¦é‚Šä¸Šæ©Ÿ?,https://flyfttw.com/%e5%9f%b9%e8%a8%93%e6%a9%9f%e5%b8%ab%e5%b0%8f%e5%ad%b8%e5%a0%82%e2%91%a2-%e7%82%ba%e4%bb%80%e9%ba%bc%e6%90%ad%e9%a3%9b%e6%a9%9f%e9%83%bd%e6%98%af%e7%94%b1%e5%b7%a6%e9%82%8a%e4%b8%8a%e6%a9%9f/,False
èˆªç©ºæ™‚äº‹æ–°èé›™å‘¨å ± 2023å¹´03æœˆ ä¸‹,https://flyfttw.com/%e8%88%aa%e7%a9%ba%e6%99%82%e4%ba%8b%e6%96%b0%e8%81%9e%e9%9b%99%e5%91%a8%e5%a0%b1-2023%e5%b9%b403%e6%9c%88-%e4%b8%8b/,False
2023å…¨æ–°ï¼åŸ¹è¨“æ©Ÿå¸«ç·šä¸Šèª²ç¨‹å³å°‡å•Ÿå‹•ï¼,https://flyfttw.com/2023%e5%85%a8%e6%96%b0%ef%bc%81%e5%9f%b9%e8%a8%93%e6%a9%9f%e5%b8%ab%e7%b7%9a%e4%b8%8a%e8%aa%b2%e7%a8%8b%e5%8d%b3%e5%b0%87%e5%95%9f%e5%8b%95%ef%bc%81/,False
åŸ¹è¨“æ©Ÿå¸«å°å­¸å ‚â‘£â€” é£›æ©Ÿç·Šæ€¥å‡ºå£çš„ä¸‰å€‹å°çŸ¥è­˜,https://flyfttw.com/%e5%9f%b9%e8%a8%93%e6%a9%9f%e5%b8%ab%e5%b0%8f%e5%ad%b8%e5%a0%82%e2%91%a3-%e9%a3%9b%e6%a9%9f%e7%b7%8a%e6%80%a5%e5%87%ba%e5%8f%a3%e7%9a%84%e4%b8%89%e5%80%8b%e5%b0%8f%e7%9f%a5%e8%ad%98/,False
èˆªç©ºæ™‚äº‹æ–°èé›™å‘¨å ± 2023å¹´04æœˆ ä¸Š,https://flyfttw.com/%e8%88%aa%e7%a9%ba%e6%99%82%e4%ba%8b%e6%96%b0%e8%81%9e%e9%9b%99%e5%91%a8%e5%a0%b1-2023%e5%b9%b404%e6%9c%88-%e4%b8%8a/,False
æœ€æ–°ç”²é¡é£›è¡Œå“¡é«”æª¢ è¶…å®Œæ•´æµç¨‹èˆ‡å¿ƒå¾—,https://flyfttw.com/%e6%9c%80%e6%96%b0%e7%94%b2%e9%a1%9e%e9%a3%9b%e8%a1%8c%e5%93%a1%e9%ab%94%e6%aa%a2%e8%b6%85%e5%ae%8c%e6%95%b4%e6%b5%81%e7%a8%8b%e8%88%87%e5%bf%83%e5%be%97/,False
æˆ°å‹å¤§é›†åˆâ€” ä½ æ¨è–¦ã€æˆ‘å›é¥‹âœˆï¸,https://flyfttw.com/%e6%88%b0%e5%8f%8b%e5%a4%a7%e9%9b%86%e5%90%88-%e4%bd%a0%e6%8e%a8%e8%96%a6%e3%80%81%e6%88%91%e5%9b%9e%e9%a5%8b%e2%9c%88%ef%b8%8f/,False
èˆªç©ºæ™‚äº‹æ–°èé›™å‘¨å ± 2023å¹´04æœˆ ä¸‹,https://flyfttw.com/%e8%88%aa%e7%a9%ba%e6%99%82%e4%ba%8b%e6%96%b0%e8%81%9e%e9%9b%99%e5%91%a8%e5%a0%b1-2023%e5%b9%b404%e6%9c%88-%e4%b8%8b/,False
åŸ¹è¨“æ©Ÿå¸«å°å­¸å ‚â‘¤â€” METARå¤§è§£å¯†ï¼,https://flyfttw.com/%e5%9f%b9%e8%a8%93%e6%a9%9f%e5%b8%ab%e5%b0%8f%e5%ad%b8%e5%a0%82%e2%91%a4-metar%e5%a4%a7%e8%a7%a3%e5%af%86%ef%bc%81/,False
èˆªç©ºæ™‚äº‹æ–°èé›™å‘¨å ± 2023å¹´05æœˆ ä¸Š,https://flyfttw.com/%e8%88%aa%e7%a9%ba%e6%99%82%e4%ba%8b%e6%96%b0%e8%81%9e%e9%9b%99%e5%91%a8%e5%a0%b1-2023%e5%b9%b405%e6%9c%88-%e4%b8%8a/,False
FTTWæ•™å®˜çœŸå¿ƒè©± Part.1â€” è½èªªè€ƒæ©Ÿå¸«å¾ˆçœ‹é‹æ°£,https://flyfttw.com/fttw%e6%95%99%e5%ae%98%e7%9c%9f%e5%bf%83%e8%a9%b1-part-1-%e8%81%bd%e8%aa%aa%e8%80%83%e6%a9%9f%e5%b8%ab%e5%be%88%e7%9c%8b%e9%81%8b%e6%b0%a3/,False
èˆªç©ºæ™‚äº‹æ–°èé›™å‘¨å ± 2023å¹´05æœˆ ä¸‹,https://flyfttw.com/%e8%88%aa%e7%a9%ba%e6%99%82%e4%ba%8b%e6%96%b0%e8%81%9e%e9%9b%99%e5%91%a8%e5%a0%b1-2023%e5%b9%b405%e6%9c%88-%e4%b8%8b/,False
åŸ¹è¨“æ©Ÿå¸«èˆ‡è‡ªè¨“æ©Ÿå¸«å“ªå€‹é©åˆä½ ï¼Ÿâ€” CPLå­¸é£›æ”»ç•¥ä¸è—ç§ï¼,https://flyfttw.com/%e5%9f%b9%e8%a8%93%e6%a9%9f%e5%b8%ab%e8%88%87%e8%87%aa%e8%a8%93%e6%a9%9f%e5%b8%ab%e5%93%aa%e5%80%8b%e9%81%a9%e5%90%88%e4%bd%a0/,False
åŸ¹è¨“æ©Ÿå¸«å°å­¸å ‚â‘¥â€” ç©ºé€Ÿå¤§è§£å¯†ï¼,https://flyfttw.com/%e5%9f%b9%e8%a8%93%e6%a9%9f%e5%b8%ab%e5%b0%8f%e5%ad%b8%e5%a0%82%e2%91%a5-%e7%a9%ba%e9%80%9f%e5%a4%a7%e8%a7%a3%e5%af%86%ef%bc%81/,False
èˆªç©ºæ™‚äº‹æ–°èé›™å‘¨å ± 2023å¹´06æœˆ ä¸Š,https://flyfttw.com/%e8%88%aa%e7%a9%ba%e6%99%82%e4%ba%8b%e6%96%b0%e8%81%9e%e9%9b%99%e5%91%a8%e5%a0%b1-2023%e5%b9%b406%e6%9c%88-%e4%b8%8a/,False
å­¸ç”Ÿéšæ®µè©²å¦‚ä½•æº–å‚™åŸ¹è¨“æ©Ÿå¸«è€ƒè©¦,https://flyfttw.com/%e5%ad%b8%e7%94%9f%e9%9a%8e%e6%ae%b5%e8%a9%b2%e5%a6%82%e4%bd%95%e6%ba%96%e5%82%99%e5%9f%b9%e8%a8%93%e6%a9%9f%e5%b8%ab%e8%80%83%e8%a9%a6/,False
èˆªç©ºæ™‚äº‹æ–°èé›™å‘¨å ± 2023å¹´06æœˆ ä¸‹,https://flyfttw.com/%e8%88%aa%e7%a9%ba%e6%99%82%e4%ba%8b%e6%96%b0%e8%81%9e%e9%9b%99%e5%91%a8%e5%a0%b1-2023%e5%b9%b406%e6%9c%88-%e4%b8%8b/,False
ã€åå¹´é•·ç¨‹ï¼Œèˆ‡ä½ åŒåœ¨ã€‘FTTWåå¹´å¿ƒè·¯æ­·ç¨‹,https://flyfttw.com/%e3%80%90%e5%8d%81%e5%b9%b4%e9%95%b7%e7%a8%8b%ef%bc%8c%e8%88%87%e4%bd%a0%e5%90%8c%e5%9c%a8%e3%80%91fttw%e5%8d%81%e5%b9%b4%e5%bf%83%e8%b7%af%e6%ad%b7%e7%a8%8b/,False
åŸ¹è¨“æ©Ÿå¸«å¿…ä¿®èª²â€” Private Pilot course å°ç­èè‹±åˆ¶,https://flyfttw.com/%e5%9f%b9%e8%a8%93%e6%a9%9f%e5%b8%ab%e5%bf%85%e4%bf%ae%e8%aa%b2-private-pilot-course-%e5%b0%8f%e7%8f%ad%e8%8f%81%e8%8b%b1%e5%88%b6/,False
2023 åŸ¹è¨“æ©Ÿå¸«æ¨¡æ“¬æ©Ÿè€ƒä»€éº¼ï¼ŸğŸ›«,https://flyfttw.com/2023-%e5%9f%b9%e8%a8%93%e6%a9%9f%e5%b8%ab%e6%a8%a1%e6%93%ac%e6%a9%9f%e8%80%83%e4%bb%80%e9%ba%bc%ef%bc%9f%f0%9f%9b%ab/,False
ã€8æœˆè©¦è¾¦ã€‘çœ¾äººæ•²ç¢—è‹±æ–‡ä¸»é¡Œèª²ä¸Šç·š,https://flyfttw.com/%e3%80%908%e6%9c%88%e8%a9%a6%e8%be%a6%e3%80%91%e7%9c%be%e4%ba%ba%e6%95%b2%e7%a2%97%e8%8b%b1%e6%96%87%e4%b8%bb%e9%a1%8c%e8%aa%b2%e4%b8%8a%e7%b7%9a/,False
åŸ¹è¨“æ©Ÿå¸«å°å­¸å ‚â‘¦â€” æ©Ÿå¸«åˆ¶æœè§£å¯†,https://flyfttw.com/%e5%9f%b9%e8%a8%93%e6%a9%9f%e5%b8%ab%e5%b0%8f%e5%ad%b8%e5%a0%82%e2%91%a8-%e6%a9%9f%e5%a0%b4%e9%a2%b1%e9%a2%a8%e8%ad%a6%e5%a0%b1%e5%96%ae/,False
èˆªç©ºæ™‚äº‹æ–°èé›™å‘¨å ± 2023å¹´07æœˆ ä¸Š,https://flyfttw.com/%e8%88%aa%e7%a9%ba%e6%99%82%e4%ba%8b%e6%96%b0%e8%81%9e%e9%9b%99%e5%91%a8%e5%a0%b1-2023%e5%b9%b407%e6%9c%88-%e4%b8%8a/,False
FTTWæ•™å®˜çœŸå¿ƒè©± Part.2â€” å‰æ–¹æœ‰é›·ä¸è¦è¸©,https://flyfttw.com/fttw%e6%95%99%e5%ae%98%e7%9c%9f%e5%bf%83%e8%a9%b1-part-2-%e5%89%8d%e6%96%b9%e6%9c%89%e9%9b%b7%e4%b8%8d%e8%a6%81%e8%b8%a9/,False
åŸ¹è¨“æ©Ÿå¸«å°å­¸å ‚â‘§â€” æ·ºè«‡è‡ªå‹•é§•é§›,https://flyfttw.com/%e5%9f%b9%e8%a8%93%e6%a9%9f%e5%b8%ab%e5%b0%8f%e5%ad%b8%e5%a0%82%e2%91%a7-%e6%b7%ba%e8%ab%87%e8%87%aa%e5%8b%95%e9%a7%95%e9%a7%9b/,False
ä¸Šç­æ—è©²å¦‚ä½•æº–å‚™åŸ¹è¨“æ©Ÿå¸«è€ƒè©¦,https://flyfttw.com/%e4%b8%8a%e7%8f%ad%e6%97%8f%e8%a9%b2%e5%a6%82%e4%bd%95%e6%ba%96%e5%82%99%e5%9f%b9%e8%a8%93%e6%a9%9f%e5%b8%ab%e8%80%83%e8%a9%a6/,False
èˆªç©ºæ™‚äº‹æ–°èé›™å‘¨å ± 2023å¹´07æœˆ ä¸‹,https://flyfttw.com/%e8%88%aa%e7%a9%ba%e6%99%82%e4%ba%8b%e6%96%b0%e8%81%9e%e9%9b%99%e5%91%a8%e5%a0%b1-2023%e5%b9%b407%e6%9c%88-%e4%b8%8b/,False
é‚è¼¯å¥½ä¸å¥½ï¼Ÿæ¸¬äº†å°±çŸ¥é“ï¼,https://flyfttw.com/%e9%82%8f%e8%bc%af%e5%a5%bd%e4%b8%8d%e5%a5%bd%ef%bc%9f%e6%b8%ac%e4%ba%86%e5%b0%b1%e7%9f%a5%e9%81%93%ef%bc%81/,False
åŸ¹è¨“æ©Ÿå¸«å°å­¸å ‚â‘¨â€” æ©Ÿå ´é¢±é¢¨è­¦å ±å–®,https://flyfttw.com/%e5%9f%b9%e8%a8%93%e6%a9%9f%e5%b8%ab%e5%b0%8f%e5%ad%b8%e5%a0%82%e2%91%a8-%e6%a9%9f%e5%a0%b4%e9%a2%b1%e9%a2%a8%e8%ad%a6%e5%a0%b1%e5%96%ae-2/,False
èˆªç©ºæ™‚äº‹æ–°èé›™å‘¨å ± 2023å¹´08æœˆ ä¸Š,https://flyfttw.com/%e8%88%aa%e7%a9%ba%e6%99%82%e4%ba%8b%e6%96%b0%e8%81%9e%e9%9b%99%e5%91%a8%e5%a0%b1-2023%e5%b9%b408%e6%9c%88-%e4%b8%8a/,False
åŸ¹è¨“æ©Ÿå¸«å°å­¸å ‚â‘ â“ªâ€” ç©ºé–“è¿·å‘,https://flyfttw.com/%e5%9f%b9%e8%a8%93%e6%a9%9f%e5%b8%ab%e5%b0%8f%e5%ad%b8%e5%a0%82%e2%91%a0%e2%93%aa-%e7%a9%ba%e9%96%93%e8%bf%b7%e5%90%91/,False
èˆªç©ºæ™‚äº‹æ–°èé›™å‘¨å ± 2023å¹´08æœˆ ä¸‹,https://flyfttw.com/%e8%88%aa%e7%a9%ba%e6%99%82%e4%ba%8b%e6%96%b0%e8%81%9e%e9%9b%99%e5%91%a8%e5%a0%b1-2023%e5%b9%b408%e6%9c%88-%e4%b8%8b/,False
é—œæ–¼æº–å‚™å ±è€ƒåŸ¹è¨“æ©Ÿå¸«é€™æª”äº‹,https://flyfttw.com/%e9%97%9c%e6%96%bc%e6%ba%96%e5%82%99%e5%a0%b1%e8%80%83%e5%9f%b9%e8%a8%93%e6%a9%9f%e5%b8%ab%e9%80%99%e6%aa%94%e4%ba%8b/,False
ä½ çœŸçš„äº†è§£é£›è¡Œå“¡çš„å·¥ä½œå—ï¼Ÿ,https://flyfttw.com/%e4%bd%a0%e7%9c%9f%e7%9a%84%e4%ba%86%e8%a7%a3%e9%a3%9b%e8%a1%8c%e5%93%a1%e7%9a%84%e5%b7%a5%e4%bd%9c%e5%97%8e%ef%bc%9f/,False
è¯èˆªåŸ¹è¨“æ©Ÿå¸«è€ƒè©¦å¿ƒå¾—Part.1 è€ƒè©¦æµç¨‹èˆ‡æ¢ä»¶ç°¡ä»‹,https://flyfttw.com/%e8%8f%af%e8%88%aa%e5%9f%b9%e8%a8%93%e6%a9%9f%e5%b8%ab%e8%80%83%e8%a9%a6%e5%bf%83%e5%be%97part1%e8%80%83%e8%a9%a6%e6%b5%81%e7%a8%8b%e8%88%87%e6%a2%9d%e4%bb%b6%e7%b0%a1%e4%bb%8b/,False
è¯èˆªåŸ¹è¨“æ©Ÿå¸«è€ƒè©¦å¿ƒå¾—Part.2 å¿ƒç†è¡¡é‘‘,https://flyfttw.com/%e8%8f%af%e8%88%aa%e5%9f%b9%e8%a8%93%e6%a9%9f%e5%b8%ab%e8%80%83%e8%a9%a6%e5%bf%83%e5%be%97part2%e5%bf%83%e7%90%86%e8%a1%a1%e9%91%91/,False
è¯èˆªåŸ¹è¨“æ©Ÿå¸«è€ƒè©¦å¿ƒå¾—Part.3 ç­†è©¦,https://flyfttw.com/%e8%8f%af%e8%88%aa%e5%9f%b9%e8%a8%93%e6%a9%9f%e5%b8%ab%e8%80%83%e8%a9%a6%e5%bf%83%e5%be%97part3%e7%ad%86%e8%a9%a6/,False
è¯èˆªåŸ¹è¨“æ©Ÿå¸«è€ƒè©¦å¿ƒå¾—Part.4 ä¸­è‹±æ–‡é¢è©¦,https://flyfttw.com/%e8%8f%af%e8%88%aa%e5%9f%b9%e8%a8%93%e6%a9%9f%e5%b8%ab%e8%80%83%e8%a9%a6%e5%bf%83%e5%be%97part4%e4%b8%ad%e8%8b%b1%e6%96%87%e9%9d%a2%e8%a9%a6/,False
è¯èˆªåŸ¹è¨“æ©Ÿå¸«è€ƒè©¦å¿ƒå¾—Part.5 ç¶œåˆè©•é‡,https://flyfttw.com/%e8%8f%af%e8%88%aa%e5%9f%b9%e8%a8%93%e6%a9%9f%e5%b8%ab%e8%80%83%e8%a9%a6%e5%bf%83%e5%be%97part5%e7%b6%9c%e5%90%88%e8%a9%95%e9%87%8f/,False
è¯èˆªåŸ¹è¨“æ©Ÿå¸«è€ƒè©¦å¿ƒå¾—Part.6 è€ƒè©¦ç¸½çµèˆ‡æé†’,https://flyfttw.com/%e8%8f%af%e8%88%aa%e5%9f%b9%e8%a8%93%e6%a9%9f%e5%b8%ab%e8%80%83%e8%a9%a6%e5%bf%83%e5%be%97part6%e8%80%83%e8%a9%a6%e7%b8%bd%e7%b5%90%e8%88%87%e6%8f%90%e9%86%92/,False
åŸ¹è¨“æ©Ÿå¸«å°å­¸å ‚â‘ â‘ â€” æ©Ÿå ´ä»£ç¢¼,https://flyfttw.com/%e5%9f%b9%e8%a8%93%e6%a9%9f%e5%b8%ab%e5%b0%8f%e5%ad%b8%e5%a0%82%e2%91%a0%e2%91%a0-%e6%a9%9f%e5%a0%b4%e4%bb%a3%e7%a2%bc/,False
èˆªç©ºæ™‚äº‹æ–°èé›™å‘¨å ± 2023å¹´09æœˆ ä¸Š,https://flyfttw.com/%e8%88%aa%e7%a9%ba%e6%99%82%e4%ba%8b%e6%96%b0%e8%81%9e%e9%9b%99%e5%91%a8%e5%a0%b1-2023%e5%b9%b409%e6%9c%88-%e4%b8%8a/,False
2023å¹´åº•æ˜Ÿå®‡å³å°‡æ‹›å‹Ÿï¼Œé€™4é»ä½ æº–å‚™å¥½äº†å—ï¼Ÿ,https://flyfttw.com/2023%e5%b9%b4%e5%ba%95%e6%98%9f%e5%ae%87%e5%8d%b3%e5%b0%87%e6%8b%9b%e5%8b%9f%ef%bc%8c%e9%80%994%e9%bb%9e%e4%bd%a0%e6%ba%96%e5%82%99%e5%a5%bd%e4%ba%86%e5%97%8e%ef%bc%9f/,False
åŸ¹è¨“æ©Ÿå¸«è€ƒæƒ…å¤§è®Šå‹• ğŸ’¥ æ˜Ÿå®‡åŸ¹è¨“æ©Ÿå¸«æ‹›å‹Ÿè¦å®šæœ‰è®ŠåŒ–å•¦ï¼,https://flyfttw.com/%e5%9f%b9%e8%a8%93%e6%a9%9f%e5%b8%ab%e8%80%83%e6%83%85%e5%a4%a7%e8%ae%8a%e5%8b%95%ef%bc%81%e6%98%9f%e5%ae%87%e6%8b%9b%e5%8b%9f%e8%a6%8f%e5%ae%9a%e6%96%b0%e8%ae%8a%e5%8c%96%ef%bc%81/,False
èˆªç©ºæ™‚äº‹æ–°èé›™å‘¨å ± 2023å¹´09æœˆ ä¸‹,https://flyfttw.com/%e8%88%aa%e7%a9%ba%e6%99%82%e4%ba%8b%e6%96%b0%e8%81%9e%e9%9b%99%e5%91%a8%e5%a0%b1-2023%e5%b9%b409%e6%9c%88-%e4%b8%8b/,False
é•·æ¦®åŸ¹è¨“æ©Ÿå¸«è€ƒè©¦å¿ƒå¾—Part.1 è€ƒè©¦æµç¨‹èˆ‡æ¢ä»¶ç°¡ä»‹,https://flyfttw.com/%e9%95%b7%e6%a6%ae%e5%9f%b9%e8%a8%93%e6%a9%9f%e5%b8%ab%e8%80%83%e8%a9%a6%e5%bf%83%e5%be%97part1%e8%80%83%e8%a9%a6%e6%b5%81%e7%a8%8b%e8%88%87%e6%a2%9d%e4%bb%b6%e7%b0%a1%e4%bb%8b/,False
é•·æ¦®åŸ¹è¨“æ©Ÿå¸«è€ƒè©¦å¿ƒå¾—Part.2 ç­†è©¦,https://flyfttw.com/%e9%95%b7%e6%a6%ae%e5%9f%b9%e8%a8%93%e6%a9%9f%e5%b8%ab%e8%80%83%e8%a9%a6%e5%bf%83%e5%be%97part2%e7%ad%86%e8%a9%a6/,False
é•·æ¦®åŸ¹è¨“æ©Ÿå¸«è€ƒè©¦å¿ƒå¾—Part.3 èˆªé†«ä¸­å¿ƒé£›èˆªå“¡æ½›è³ªæ¸¬é©—,https://flyfttw.com/%e9%95%b7%e6%a6%ae%e5%9f%b9%e8%a8%93%e6%a9%9f%e5%b8%ab%e8%80%83%e8%a9%a6%e5%bf%83%e5%be%97part3%e8%88%aa%e9%86%ab%e4%b8%ad%e5%bf%83%e9%a3%9b%e8%88%aa%e5%93%a1%e6%bd%9b%e8%b3%aa%e6%b8%ac%e9%a9%97/,False
é•·æ¦®åŸ¹è¨“æ©Ÿå¸«è€ƒè©¦å¿ƒå¾—Part.4 ä¸»ç®¡é¢è©¦,https://flyfttw.com/%e9%95%b7%e6%a6%ae%e5%9f%b9%e8%a8%93%e6%a9%9f%e5%b8%ab%e8%80%83%e8%a9%a6%e5%bf%83%e5%be%97part4%e4%b8%bb%e7%ae%a1%e9%9d%a2%e8%a9%a6/,False
é•·æ¦®åŸ¹è¨“æ©Ÿå¸«è€ƒè©¦å¿ƒå¾—Part.5 é£›è¡Œèƒ½åŠ›å‚¾å‘è©•ä¼°,https://flyfttw.com/%e9%95%b7%e6%a6%ae%e5%9f%b9%e8%a8%93%e6%a9%9f%e5%b8%ab%e8%80%83%e8%a9%a6%e5%bf%83%e5%be%97part5%e9%a3%9b%e8%a1%8c%e8%83%bd%e5%8a%9b%e5%82%be%e5%90%91%e8%a9%95%e4%bc%b0/,False
åŸ¹è¨“æ©Ÿå¸«å°å­¸å ‚â‘ â‘¡â€” æ°‘èˆªæ³•è¦çŸ¥ã€Œå¤šå°‘ã€,https://flyfttw.com/%e5%9f%b9%e8%a8%93%e6%a9%9f%e5%b8%ab%e5%b0%8f%e5%ad%b8%e5%a0%82%e2%91%a0%e2%91%a1-%e6%b0%91%e8%88%aa%e6%b3%95%e8%a6%8f%e7%9f%a5%e3%80%8c%e5%a4%9a%e5%b0%91%e3%80%8d/,False
èˆªç©ºæ™‚äº‹æ–°èé›™å‘¨å ± 2023å¹´10æœˆ ä¸Š,https://flyfttw.com/%e8%88%aa%e7%a9%ba%e6%99%82%e4%ba%8b%e6%96%b0%e8%81%9e%e9%9b%99%e5%91%a8%e5%a0%b1-2023%e5%b9%b410%e6%9c%88-%e4%b8%8a/,False
åŸ¹è¨“æ©Ÿå¸«å°å­¸å ‚â‘ â‘¢â€” è³æ©ŸAPPæ¨è–¦,https://flyfttw.com/%e5%9f%b9%e8%a8%93%e6%a9%9f%e5%b8%ab%e5%b0%8f%e5%ad%b8%e5%a0%82%e2%91%a0%e2%91%a2-%e8%b3%9e%e6%a9%9fapp%e6%8e%a8%e8%96%a6/,False
é•·æ¦®åŸ¹è¨“æ©Ÿå¸«è€ƒè©¦å¿ƒå¾—Part.6 è€ƒè©¦ç¸½çµèˆ‡æé†’,https://flyfttw.com/%e9%95%b7%e6%a6%ae%e5%9f%b9%e8%a8%93%e6%a9%9f%e5%b8%ab%e8%80%83%e8%a9%a6%e5%bf%83%e5%be%97part6%e8%80%83%e8%a9%a6%e7%b8%bd%e7%b5%90%e8%88%87%e6%8f%90%e9%86%92/,False
FTTWæ•™å®˜çœŸå¿ƒè©± Part.3â€” é–‹é£›æ©Ÿå¾ˆå±éšªå—,https://flyfttw.com/fttw%e6%95%99%e5%ae%98%e7%9c%9f%e5%bf%83%e8%a9%b1-part-3-%e9%96%8b%e9%a3%9b%e6%a9%9f%e5%be%88%e5%8d%b1%e9%9a%aa%e5%97%8e/,False
èˆªç©ºæ™‚äº‹æ–°èé›™å‘¨å ± 2023å¹´10æœˆ ä¸‹,https://flyfttw.com/%e8%88%aa%e7%a9%ba%e6%99%82%e4%ba%8b%e6%96%b0%e8%81%9e%e9%9b%99%e5%91%a8%e5%a0%b1-2023%e5%b9%b410%e6%9c%88-%e4%b8%8b/,False
æ©Ÿå¸«è€ƒè©¦é‚è¼¯é¡Œç¬¬äºŒå½ˆâ€”Â è€ƒé©—ä½ çš„ç©ºé–“æ¦‚å¿µ,https://flyfttw.com/%e6%a9%9f%e5%b8%ab%e8%80%83%e8%a9%a6%e9%82%8f%e8%bc%af%e9%a1%8c%e7%ac%ac%e4%ba%8c%e5%bd%88-%e8%80%83%e9%a9%97%e4%bd%a0%e7%9a%84%e7%a9%ba%e9%96%93%e6%a6%82%e5%bf%b5/,False
æ˜Ÿå®‡åŸ¹è¨“æ©Ÿå¸«è€ƒè©¦å¿ƒå¾—Part.1 è€ƒè©¦æµç¨‹èˆ‡æ¢ä»¶ç°¡ä»‹,https://flyfttw.com/%e6%98%9f%e5%ae%87%e5%9f%b9%e8%a8%93%e6%a9%9f%e5%b8%ab%e8%80%83%e8%a9%a6%e5%bf%83%e5%be%97part-1-%e8%80%83%e8%a9%a6%e6%b5%81%e7%a8%8b%e8%88%87%e6%a2%9d%e4%bb%b6%e7%b0%a1%e4%bb%8b/,False
æ˜Ÿå®‡åŸ¹è¨“æ©Ÿå¸«è€ƒè©¦å¿ƒå¾—Part.2 ç­†è©¦,https://flyfttw.com/%e6%98%9f%e5%ae%87%e5%9f%b9%e8%a8%93%e6%a9%9f%e5%b8%ab%e8%80%83%e8%a9%a6%e5%bf%83%e5%be%97part2%e7%ad%86%e8%a9%a6/,False
æ˜Ÿå®‡åŸ¹è¨“æ©Ÿå¸«è€ƒè©¦å¿ƒå¾—Part.3 åˆéšé¢è©¦,https://flyfttw.com/%e6%98%9f%e5%ae%87%e5%9f%b9%e8%a8%93%e6%a9%9f%e5%b8%ab%e8%80%83%e8%a9%a6%e5%bf%83%e5%be%97part3%e5%88%9d%e9%9a%8e%e9%9d%a2%e8%a9%a6/,False
æ˜Ÿå®‡åŸ¹è¨“æ©Ÿå¸«è€ƒè©¦å¿ƒå¾—Part.ï¼” åœ˜é«”äº’å‹•é¢è©¦,https://flyfttw.com/%e6%98%9f%e5%ae%87%e5%9f%b9%e8%a8%93%e6%a9%9f%e5%b8%ab%e8%80%83%e8%a9%a6%e5%bf%83%e5%be%97part%ef%bc%94%e5%9c%98%e9%ab%94%e4%ba%92%e5%8b%95%e9%9d%a2%e8%a9%a6/,False
æ˜Ÿå®‡åŸ¹è¨“æ©Ÿå¸«è€ƒè©¦å¿ƒå¾—Part.5 é£›è¡Œå“¡æ½›è³ªæ¸¬é©—,https://flyfttw.com/%e6%98%9f%e5%ae%87%e5%9f%b9%e8%a8%93%e6%a9%9f%e5%b8%ab%e8%80%83%e8%a9%a6%e5%bf%83%e5%be%97part5%e9%a3%9b%e8%a1%8c%e5%93%a1%e6%bd%9b%e8%b3%aa%e6%b8%ac%e9%a9%97/,False
æ˜Ÿå®‡åŸ¹è¨“æ©Ÿå¸«è€ƒè©¦å¿ƒå¾—Part.6 å€‹äººå°ˆæ¥­é¢è©¦,https://flyfttw.com/%e6%98%9f%e5%ae%87%e5%9f%b9%e8%a8%93%e6%a9%9f%e5%b8%ab%e8%80%83%e8%a9%a6%e5%bf%83%e5%be%97part6%e5%80%8b%e4%ba%ba%e5%b0%88%e6%a5%ad%e9%9d%a2%e8%a9%a6/,False
èˆªç©ºæ™‚äº‹æ–°èé›™å‘¨å ± 2023å¹´11æœˆ ä¸Š,https://flyfttw.com/%e8%88%aa%e7%a9%ba%e6%99%82%e4%ba%8b%e6%96%b0%e8%81%9e%e9%9b%99%e5%91%a8%e5%a0%b1-2023%e5%b9%b411%e6%9c%88-%e4%b8%8a/,False
åŸ¹è¨“æ©Ÿå¸«å°å­¸å ‚â‘ â‘£â€” é£›æ©Ÿé‡å¿ƒ,https://flyfttw.com/%e5%9f%b9%e8%a8%93%e6%a9%9f%e5%b8%ab%e5%b0%8f%e5%ad%b8%e5%a0%82%e2%91%a0%e2%91%a3-%e9%a3%9b%e6%a9%9f%e9%87%8d%e5%bf%83/,False
èˆªç©ºæ™‚äº‹æ–°èé›™å‘¨å ± 2023å¹´11æœˆ ä¸‹,https://flyfttw.com/%e8%88%aa%e7%a9%ba%e6%99%82%e4%ba%8b%e6%96%b0%e8%81%9e%e9%9b%99%e5%91%a8%e5%a0%b1-2023%e5%b9%b411%e6%9c%88-%e4%b8%8b/,False
æ©Ÿå¸«è€ƒè©¦é‚è¼¯é¡Œç¬¬ä¸‰å½ˆâ€”Â  æ¸¬è©¦ä½ çš„æ–‡å­—æ¨ç†,https://flyfttw.com/%e6%a9%9f%e5%b8%ab%e8%80%83%e8%a9%a6%e9%82%8f%e8%bc%af%e9%a1%8c%e7%ac%ac%e4%b8%89%e5%bd%88-%e6%b8%ac%e8%a9%a6%e4%bd%a0%e7%9a%84%e6%96%87%e5%ad%97%e6%8e%a8%e7%90%86/,False
åŸ¹è¨“æ©Ÿå¸«å°å­¸å ‚â‘ â‘¤â€” é‡é›£æ±‚æ•‘è¨Šè™Ÿ,https://flyfttw.com/%e5%9f%b9%e8%a8%93%e6%a9%9f%e5%b8%ab%e5%b0%8f%e5%ad%b8%e5%a0%82%e2%91%a0%e2%91%a4-%e9%81%87%e9%9b%a3%e6%b1%82%e6%95%91%e8%a8%8a%e8%99%9f/,False
èˆªç©ºæ™‚äº‹æ–°èé›™å‘¨å ± 2023å¹´12æœˆ ä¸Š,https://flyfttw.com/%e8%88%aa%e7%a9%ba%e6%99%82%e4%ba%8b%e6%96%b0%e8%81%9e%e9%9b%99%e5%91%a8%e5%a0%b1-2023%e5%b9%b412%e6%9c%88-%e4%b8%8a/,False
åœ‹ç±èˆªç©ºä¼æ¥­é¢¨æ ¼åˆ†äº«Part 1,https://flyfttw.com/%e5%9c%8b%e7%b1%8d%e8%88%aa%e7%a9%ba%e4%bc%81%e6%a5%ad%e9%a2%a8%e6%a0%bc%e5%88%86%e4%ba%abpart-1/,False
åœ‹ç±èˆªç©ºä¼æ¥­é¢¨æ ¼åˆ†äº«Part 2,https://flyfttw.com/%e5%9c%8b%e7%b1%8d%e8%88%aa%e7%a9%ba%e4%bc%81%e6%a5%ad%e9%a2%a8%e6%a0%bc%e5%88%86%e4%ba%abpart-2/,False
åœ‹ç±èˆªç©ºä¼æ¥­é¢¨æ ¼åˆ†äº«Part 3,https://flyfttw.com/%e5%9c%8b%e7%b1%8d%e8%88%aa%e7%a9%ba%e4%bc%81%e6%a5%ad%e9%a2%a8%e6%a0%bc%e5%88%86%e4%ba%abpart-3/,False
åŸ¹è¨“æ©Ÿå¸«å°å­¸å ‚â‘ â‘¥â€” èˆªç©ºé›»å½±æ¨è–¦,https://flyfttw.com/%e5%9f%b9%e8%a8%93%e6%a9%9f%e5%b8%ab%e5%b0%8f%e5%ad%b8%e5%a0%82-ep%e2%91%a0%e2%91%a5-%e8%88%aa%e7%a9%ba%e9%9b%bb%e5%bd%b1%e6%8e%a8%e8%96%a6/,False
èˆªç©ºæ™‚äº‹æ–°èé›™å‘¨å ± 2023å¹´12æœˆ ä¸‹,https://flyfttw.com/%e8%88%aa%e7%a9%ba%e6%99%82%e4%ba%8b%e6%96%b0%e8%81%9e%e9%9b%99%e5%91%a8%e5%a0%b1-2023%e5%b9%b412%e6%9c%88-%e4%b8%8b/,False
C03-5 å…¨è‹±å¤–å¸«é¢è©¦èª²æ­£å¼ä¸Šç·šï¼,https://flyfttw.com/c03-5%e5%85%a8%e8%8b%b1%e5%a4%96%e5%b8%ab%e9%9d%a2%e8%a9%a6%e8%aa%b2%e6%ad%a3%e5%bc%8f%e4%b8%8a%e7%b7%9a%ef%bc%81/,False
C02èˆªç©ºåŸºç¤äº”å ‚èª²å…¨é¢ç·šä¸ŠåŒ–ï¼,https://flyfttw.com/c02%e8%88%aa%e7%a9%ba%e5%9f%ba%e7%a4%8e%e4%ba%94%e5%a0%82%e8%aa%b2%e5%85%a8%e9%9d%a2%e7%b7%9a%e4%b8%8a%e5%8c%96%ef%bc%81/,False
è¿æ¥2024 èª²ç¨‹å†å‡ç´š è€ƒè©¦æœå‹™æ›´å…¨é¢ï¼,https://flyfttw.com/%e8%bf%8e%e6%8e%a52024-%e8%aa%b2%e7%a8%8b%e5%86%8d%e5%8d%87%e7%b4%9a-%e8%80%83%e8%a9%a6%e6%9c%8d%e5%8b%99%e6%9b%b4%e5%85%a8%e9%9d%a2%ef%bc%81/,False
è®“ä½ è…¦è¢‹æ‰“çµçš„é£›è¡Œå“¡é‚è¼¯æ¸¬é©— ç¬¬å››å½ˆ ç™»å ´,https://flyfttw.com/%e8%ae%93%e4%bd%a0%e8%85%a6%e8%a2%8b%e6%89%93%e7%b5%90%e7%9a%84%e9%a3%9b%e8%a1%8c%e5%93%a1%e9%82%8f%e8%bc%af%e6%b8%ac%e9%a9%97-%e7%ac%ac%e5%9b%9b%e5%bd%88-%e7%99%bb%e5%a0%b4/,False
èˆªç©ºæ™‚äº‹æ–°èé›™å‘¨å ± 2024å¹´01æœˆ ä¸Š,https://flyfttw.com/%e8%88%aa%e7%a9%ba%e6%99%82%e4%ba%8b%e6%96%b0%e8%81%9e%e9%9b%99%e5%91%a8%e5%a0%b1-2024%e5%b9%b41%e6%9c%88-%e4%b8%8a/,False
FTTWæ•™å®˜çœŸå¿ƒè©± Part.4â€” æ©Ÿå¸«æœƒè¢«AIçµ¦å–ä»£å—ï¼Ÿ,https://flyfttw.com/fttw%e6%95%99%e5%ae%98%e7%9c%9f%e5%bf%83%e8%a9%b1-part-4-%e6%a9%9f%e5%b8%ab%e6%9c%83%e8%a2%abai%e7%b5%a6%e5%8f%96%e4%bb%a3%e5%97%8e%ef%bc%9f/,False
èˆªç©ºæ™‚äº‹æ–°èé›™å‘¨å ± 2024å¹´01æœˆ ä¸‹,https://flyfttw.com/%e8%88%aa%e7%a9%ba%e6%99%82%e4%ba%8b%e6%96%b0%e8%81%9e%e9%9b%99%e5%91%a8%e5%a0%b1-2024%e5%b9%b41%e6%9c%88-%e4%b8%8b/,False
åŸ¹è¨“æ©Ÿå¸«å°å­¸å ‚â‘ â‘¦â€” é›²ç«¯ä¸Šçš„ç¾é£Ÿ,https://flyfttw.com/%e5%9f%b9%e8%a8%93%e6%a9%9f%e5%b8%ab%e5%b0%8f%e5%ad%b8%e5%a0%82%e2%91%a0%e2%91%a6-%e9%9b%b2%e7%ab%af%e4%b8%8a%e7%9a%84%e7%be%8e%e9%a3%9f-2/,False
FTTWæ•™å®˜çœŸå¿ƒè©± Part.5â€” æ©Ÿå¸«é€€ä¼‘å¾Œé‚„èƒ½åšä»€éº¼ï¼Ÿ,https://flyfttw.com/fttw%e6%95%99%e5%ae%98%e7%9c%9f%e5%bf%83%e8%a9%b1-part-5-%e6%a9%9f%e5%b8%ab%e9%80%80%e4%bc%91%e5%be%8c%e9%82%84%e8%83%bd%e5%81%9a%e4%bb%80%e9%ba%bc%ef%bc%9f/,False
åŸ¹è¨“æ©Ÿå¸«å°å­¸å ‚â‘ â‘§â€” æ©Ÿå¸«éå¹´æ€éº¼ä¼‘,https://flyfttw.com/%e5%9f%b9%e8%a8%93%e6%a9%9f%e5%b8%ab%e5%b0%8f%e5%ad%b8%e5%a0%82%e2%91%a0%e2%91%a7-%e6%a9%9f%e5%b8%ab%e9%81%8e%e5%b9%b4%e6%80%8e%e9%ba%bc%e4%bc%91/,False
èˆªç©ºæ™‚äº‹æ–°èé›™å‘¨å ± 2024å¹´02æœˆ ä¸Š,https://flyfttw.com/%e8%88%aa%e7%a9%ba%e6%99%82%e4%ba%8b%e6%96%b0%e8%81%9e%e9%9b%99%e5%91%a8%e5%a0%b1-2024%e5%b9%b402%e6%9c%88-%e4%b8%8a/,False
é£›è¡Œå“¡ç­†è©¦éš±è—é—œå¡â€” é€šè­˜æ¸¬é©— ç¬¬äº”å½ˆ ç™»å ´,https://flyfttw.com/%e9%a3%9b%e8%a1%8c%e5%93%a1%e7%ad%86%e8%a9%a6%e9%9a%b1%e8%97%8f%e9%97%9c%e5%8d%a1-%e9%80%9a%e8%ad%98%e6%b8%ac%e9%a9%97-%e7%ac%ac%e4%ba%94%e5%bd%88-%e7%99%bb%e5%a0%b4/,False
èˆªç©ºæ™‚äº‹æ–°èé›™å‘¨å ± 2024å¹´02æœˆ ä¸‹,https://flyfttw.com/%e8%88%aa%e7%a9%ba%e6%99%82%e4%ba%8b%e6%96%b0%e8%81%9e%e9%9b%99%e5%91%a8%e5%a0%b1-2024%e5%b9%b402%e6%9c%88%e4%b8%8b/,False
åŸ¹è¨“æ©Ÿå¸«å°å­¸å ‚â‘ â‘¨â€” å°ç£æ°‘èˆªæ©Ÿå¸«ä¸Šç­éœ€è¦ç°½è­‰å—ï¼Ÿ,https://flyfttw.com/%e5%9f%b9%e8%a8%93%e6%a9%9f%e5%b8%ab%e5%b0%8f%e5%ad%b8%e5%a0%82%e2%91%a0%e2%91%a8-%e5%8f%b0%e7%81%a3%e6%b0%91%e8%88%aa%e6%a9%9f%e5%b8%ab%e4%b8%8a%e7%8f%ad%e9%9c%80%e8%a6%81%e7%b0%bd%e8%ad%89/,False
âœ‰ï¸â—è‡´ æƒ³æˆç‚ºé£›è¡Œå“¡çš„ä½  â—âœ‰ï¸Â ,https://flyfttw.com/%e8%87%b4-%e6%83%b3%e6%88%90%e7%82%ba%e9%a3%9b%e8%a1%8c%e5%93%a1%e7%9a%84%e4%bd%a0/,False
èˆªç©ºæ™‚äº‹æ–°èé›™å‘¨å ± 2024å¹´03æœˆ,https://flyfttw.com/%e8%88%aa%e7%a9%ba%e6%99%82%e4%ba%8b%e6%96%b0%e8%81%9e%e9%9b%99%e5%91%a8%e5%a0%b1-2024%e5%b9%b403%e6%9c%88-%e4%b8%8a/,False
åŸ¹è¨“æ©Ÿå¸«å°å­¸å ‚â‘¡â“ªâ€” åäººä¹Ÿæœƒé–‹é£›æ©Ÿï¼ˆæ”¿æ²»äººç‰©ç¯‡ï¼‰,https://flyfttw.com/%e5%9f%b9%e8%a8%93%e6%a9%9f%e5%b8%ab%e5%b0%8f%e5%ad%b8%e5%a0%82%e2%91%a1%e2%93%aa-%e5%90%8d%e4%ba%ba%e4%b9%9f%e6%9c%83%e9%96%8b%e9%a3%9b%e6%a9%9f%ef%bc%88%e6%94%bf%e6%b2%bb%e4%ba%ba%e7%89%a9/,False
2024è™èˆªåŸ¹è¨“æ©Ÿå¸«æ‡¶äººåŒ…,https://flyfttw.com/2024%e6%9c%80%e6%96%b0%e8%99%8e%e8%88%aa%e5%9f%b9%e8%a8%93%e6%a9%9f%e5%b8%ab%e6%94%bb%e7%95%a5%e6%87%b6%e4%ba%ba%e5%8c%85/,False
ã€ğŸ‘¨â€âœˆï¸2023åŸ¹è¨“æ©Ÿå¸«è€ƒè©¦å¸¸è¦‹å•é¡Œã€‘PartâŠ â€“ æˆ‘èƒ½å ±è€ƒå—ï¼Ÿ,https://flyfttw.com/%e3%80%90%f0%9f%91%a8%e2%9c%88%ef%b8%8f2023%e5%9f%b9%e8%a8%93%e6%a9%9f%e5%b8%ab%e8%80%83%e8%a9%a6%e5%b8%b8%e8%a6%8b%e5%95%8f%e9%a1%8c%e3%80%91part%e2%9e%8a-%e6%88%91%e8%83%bd%e5%a0%b1/,False
ã€ğŸ‘¨â€âœˆï¸2023åŸ¹è¨“æ©Ÿå¸«è€ƒè©¦å¸¸è¦‹å•é¡Œã€‘Part 2 â€“ å ±è€ƒéœ€è¦æ³¨æ„ä»€éº¼ï¼Ÿ,https://flyfttw.com/qapart-2/,False
ç•¢æ¥­å­£è€ƒæ©Ÿå¸«é™æœŸå„ªæƒ ï¼ç¬¬ä¸€ä»½å·¥ä½œå°±æ˜¯é–‹é£›æ©Ÿï¼,https://flyfttw.com/2024%e7%95%a2%e6%a5%ad%e5%ad%a3%e5%a4%a7%e5%ad%b8%e7%94%9f%e5%84%aa%e6%83%a0/,False
èˆªç©ºæ™‚äº‹æ–°èé›™å‘¨å ± 2024å¹´4æœˆ ä¸Š,https://flyfttw.com/%e8%88%aa%e7%a9%ba%e6%99%82%e4%ba%8b%e6%96%b0%e8%81%9e%e9%9b%99%e5%91%a8%e5%a0%b1-2024%e5%b9%b44%e6%9c%88%e4%b8%8a/,False
NEWS! ä¸­è¯èˆªç©º åŸ¹è¨“æ©Ÿå¸«æ‹›å‹Ÿèªªæ˜æœƒ é«˜é›„å ´,https://flyfttw.com/%e4%b8%ad%e8%8f%af%e8%88%aa%e7%a9%ba%e5%9f%b9%e8%a8%93%e6%a9%9f%e5%b8%ab%e6%8b%9b%e5%8b%9f%e8%aa%aa%e6%98%8e%e6%9c%83%e9%ab%98%e9%9b%84%e5%a0%b4/,False
âœˆï¸ç¬¬41å±†_åŸ¹è¨“æ©Ÿå¸«åˆ†äº«èŒ¶æœƒé–‹è·‘âœˆï¸,https://flyfttw.com/%e7%ac%ac41%e5%b1%86%e5%9f%b9%e8%a8%93%e6%a9%9f%e5%b8%ab%e5%88%86%e4%ba%ab%e8%8c%b6%e6%9c%83%e9%96%8b%e8%b7%91/,False
| ä¸–ç•Œä¸Šæœ€ç¾å¥½çš„è¾¦å…¬å®¤ â€“ é£›æ©Ÿé§•é§›è‰™ |,https://flyfttw.com/%e4%b8%96%e7%95%8c%e4%b8%8a%e6%9c%80%e7%be%8e%e5%a5%bd%e7%9a%84%e8%be%a6%e5%85%ac%e5%ae%a4%e9%a3%9b%e6%a9%9f%e9%a7%95%e9%a7%9b%e8%89%99/,False
èˆªç©ºæ™‚äº‹æ–°èé›™å‘¨å ± 2024å¹´4æœˆ ä¸‹,https://flyfttw.com/%e8%88%aa%e7%a9%ba%e6%99%82%e4%ba%8b%e6%96%b0%e8%81%9e%e9%9b%99%e5%91%a8%e5%a0%b12024%e5%b9%b44%e6%9c%88%e4%b8%8b/,False
èˆªç©ºæ™‚äº‹æ–°èé›™å‘¨å ± 2024å¹´5æœˆ ä¸Š,https://flyfttw.com/%e8%88%aa%e7%a9%ba%e6%99%82%e4%ba%8b%e6%96%b0%e8%81%9e%e9%9b%99%e5%91%a8%e5%a0%b1-2024%e5%b9%b45%e6%9c%88-%e4%b8%8a/,False
2024æ˜Ÿå®‡åŸ¹è¨“æ©Ÿå¸«æ‡¶äººåŒ…,https://flyfttw.com/2024%e6%98%9f%e5%ae%87%e5%9f%b9%e8%a8%93%e6%a9%9f%e5%b8%ab%e6%87%b6%e4%ba%ba%e5%8c%85/,False
2024è¯èˆªåŸ¹è¨“æ©Ÿå¸«æ‡¶äººåŒ…,https://flyfttw.com/2024%e8%8f%af%e8%88%aa%e5%9f%b9%e8%a8%93%e6%a9%9f%e5%b8%ab%e6%87%b6%e4%ba%ba%e5%8c%85/,False
èˆªç©ºæ™‚äº‹æ–°èé›™å‘¨å ± 2024å¹´5æœˆ ä¸­,https://flyfttw.com/%e8%88%aa%e7%a9%ba%e6%99%82%e4%ba%8b%e6%96%b0%e8%81%9e%e9%9b%99%e5%91%a8%e5%a0%b1-2024%e5%b9%b45%e6%9c%88-%e4%b8%8b/,False
ã€2024 åŸ¹è¨“æ©Ÿå¸« è€ƒè©¦å¿…çŸ¥ï¼šæˆç‚ºé£›è¡Œå“¡çš„ç¬¬ä¸€æ­¥ã€‘,https://flyfttw.com/%e5%9f%b9%e8%a8%93%e6%a9%9f%e5%b8%ab%e8%80%83%e5%8f%96%e8%aa%aa%e6%98%8e%e6%9c%836%e6%9c%88%e5%a0%b4%e6%ac%a1/,False
2024é•·æ¦®åŸ¹è¨“æ©Ÿå¸«æ‡¶äººåŒ…,https://flyfttw.com/2024%e9%95%b7%e6%a6%ae%e5%9f%b9%e8%a8%93%e6%a9%9f%e5%b8%ab%e6%87%b6%e4%ba%ba%e5%8c%85/,False
ä¸€åˆ†é˜äº†è§£åŸ¹è¨“æ©Ÿå¸«è€ƒè©¦,https://flyfttw.com/%e5%9f%b9%e8%a8%93%e6%a9%9f%e5%b8%ab%e8%80%83%e5%8f%96%e6%87%b6%e4%ba%ba%e5%8c%85/,False
åŸ¹è¨“æ©Ÿå¸«å°å­¸å ‚ EPâ‘¡â‘ â€” é³¥æ“Š,https://flyfttw.com/%e5%9f%b9%e8%a8%93%e6%a9%9f%e5%b8%ab%e5%b0%8f%e5%ad%b8%e5%a0%82ep21%e9%b3%a5%e6%93%8a/,False
èˆªç©ºæ™‚äº‹æ–°èé›™å‘¨å ± 2024å¹´5æœˆ ä¸‹,https://flyfttw.com/%e8%88%aa%e7%a9%ba%e6%99%82%e4%ba%8b%e6%96%b0%e8%81%9e%e9%9b%99%e5%91%a8%e5%a0%b1-2024%e5%b9%b45%e6%9c%88-%e4%b8%8b-2/,False
è€ƒæ©Ÿå¸«å—ï¼Ÿä½ éœ€è¦çš„è³‡æºéƒ½åœ¨é€™ï¼,https://flyfttw.com/%e8%80%83%e6%a9%9f%e5%b8%ab%e4%bd%a0%e9%9c%80%e8%a6%81%e7%9a%84%e8%b3%87%e6%ba%90%e9%83%bd%e5%9c%a8%e9%80%99/,False
èˆªç©ºæ™‚äº‹æ–°èé›™å‘¨å ± 2024å¹´6æœˆ ä¸Š,https://flyfttw.com/%e8%88%aa%e7%a9%ba%e6%99%82%e4%ba%8b%e6%96%b0%e8%81%9e%e9%9b%99%e5%91%a8%e5%a0%b1-2024%e5%b9%b46%e6%9c%88-%e4%b8%8a/,False
æ»¿è¶³ä¸ƒå¤§æ¢ä»¶ ä½ ä¹Ÿæœ‰æ©Ÿæœƒæœˆè–ª20è¬ï¼,https://flyfttw.com/%e6%bb%bf%e8%b6%b3%e4%b8%83%e5%a4%a7%e6%a2%9d%e4%bb%b6%e4%bd%a0%e4%b9%9f%e6%9c%89%e6%a9%9f%e6%9c%83%e6%9c%88%e8%96%aa20%e8%90%ac/,False
åŸ¹è¨“æ©Ÿå¸«è€ƒè©¦å¿…çŸ¥â€” æ½›è³ªæ¸¬é©—å…¨æ”»ç•¥ / ç¶­ä¹Ÿç´ç§‘ç›®å¤§å…¬é–‹ï¼é«˜åˆ†æŠ€å·§ï¼Ÿ,https://flyfttw.com/%e6%bd%9b%e8%b3%aa%e6%b8%ac%e9%a9%97%e5%85%a8%e6%94%bb%e7%95%a5/,False
FTTWæ•™å®˜çœŸå¿ƒè©± Part.â€”6 è‡ªè¨“æœ‰æ¯”è¼ƒè¼•é¬†å—ï¼Ÿæƒ³å¾—å¤ªç°¡å–®äº†å•¦ï½,https://flyfttw.com/%e6%95%99%e5%ae%98%e7%9c%9f%e5%bf%83%e8%a9%b1part6/,False
åŸ¹è¨“æ©Ÿå¸«å°å­¸å ‚ EPâ‘¡â‘¡â€” æ¥µå…‰,https://flyfttw.com/%e5%9f%b9%e8%a8%93%e6%a9%9f%e5%b8%ab%e5%b0%8f%e5%ad%b8%e5%a0%82ep22%e6%a5%b5%e5%85%89/,False
èˆªç©ºæ™‚äº‹æ–°èé›™å‘¨å ± 2024å¹´6æœˆ ä¸‹,https://flyfttw.com/%e8%88%aa%e7%a9%ba%e6%99%82%e4%ba%8b%e6%96%b0%e8%81%9e%e9%9b%99%e5%91%a8%e5%a0%b1-2024%e5%b9%b46%e6%9c%88-%e4%b8%8b/,False
å§Šå§Šå¦¹å¦¹é£›èµ·ä¾†ï¼å¥³æ€§æ©Ÿå¸«çš„è·æ¶¯èˆ‡å„ªå‹¢,https://flyfttw.com/%e5%a7%8a%e5%a7%8a%e5%a6%b9%e5%a6%b9%e9%a3%9b%e8%b5%b7%e4%be%86%ef%bc%81%e5%a5%b3%e6%80%a7%e6%a9%9f%e5%b8%ab%e7%9a%84%e8%81%b7%e6%b6%af%e8%88%87%e5%84%aa%e5%8b%a2/,False
ï½œåŸ¹è¨“æ©Ÿå¸«å°è©¦èº«æ‰‹ â€“ è¯èˆªå¿ƒç†è¡¡é‘‘åœ–åƒè¨˜æ†¶ï½œ,https://flyfttw.com/%e8%8f%af%e8%88%aa%e5%bf%83%e7%90%86%e8%a1%a1%e9%91%91%e5%9c%96%e5%83%8f%e8%a8%98%e6%86%b6/,False
ï½œè€ƒæ©Ÿå¸«éœ€è¦æœ‰æ±½è»Šé§•ç…§å—ï¼Ÿï½œ,https://flyfttw.com/%e8%80%83%e6%a9%9f%e5%b8%ab%e9%9c%80%e8%a6%81%e6%9c%89%e6%b1%bd%e8%bb%8a%e9%a7%95%e7%85%a7%e5%97%8e/,False
èˆªç©ºæ™‚äº‹æ–°èé›™å‘¨å ± 2024å¹´7æœˆ ä¸Š,https://flyfttw.com/%e8%88%aa%e7%a9%ba%e6%99%82%e4%ba%8b%e6%96%b0%e8%81%9e%e9%9b%99%e5%91%a8%e5%a0%b1-2024%e5%b9%b47%e6%9c%88-%e4%b8%8a/,False
ã€å…«æœˆå¯¦ç¾é£›è¡Œå¤¢ï¼Œçµ¦çˆ¸çˆ¸æœ€å¥½çš„ç¦®ç‰©ï¼ã€‘,https://flyfttw.com/%e5%85%ab%e6%9c%88%e5%af%a6%e7%8f%be%e9%a3%9b%e8%a1%8c%e5%a4%a2%e7%b5%a6%e7%88%b8%e7%88%b8%e6%9c%80%e5%a5%bd%e7%9a%84%e7%a6%ae%e7%89%a9/,False
ã€æœ‰è¿‘è¦–ğŸ‘€å¯ä»¥è€ƒæ©Ÿå¸«å—ï¼Ÿã€‘,https://flyfttw.com/%e3%80%90%e6%9c%89%e8%bf%91%e8%a6%96%f0%9f%91%80%e5%8f%af%e4%bb%a5%e8%80%83%e6%a9%9f%e5%b8%ab%e5%97%8e%ef%bc%9f%e3%80%91/,False
åŸ¹è¨“æ©Ÿå¸«å°å­¸å ‚ EPâ‘¡â‘¢ â€” ä¸€æ¶é£›æ©Ÿèµ·é£›éœ€è¦èŠ±è²»å¤šå°‘äººåŠ›,https://flyfttw.com/%e5%9f%b9%e8%a8%93%e6%a9%9f%e5%b8%ab%e5%b0%8f%e5%ad%b8%e5%a0%82ep23%e4%b8%80%e6%9e%b6%e9%a3%9b%e6%a9%9f%e8%b5%b7%e9%a3%9b%e9%9c%80%e8%a6%81%e8%8a%b1%e8%b2%bb/,False
